2025-09-21T12:53:03.453+05:30  INFO 36524 --- [AllergyService] [restartedMain] c.m.pas.AllergyServiceApplication        : Starting AllergyServiceApplication using Java 21.0.7 with PID 36524 (C:\WorkSpaces\Medibridge\AllergyService\target\classes started by surje in C:\WorkSpaces\Medibridge\AllergyService)
2025-09-21T12:53:03.457+05:30  INFO 36524 --- [AllergyService] [restartedMain] c.m.pas.AllergyServiceApplication        : The following 1 profile is active: "local"
2025-09-21T12:53:03.513+05:30  INFO 36524 --- [AllergyService] [restartedMain] .e.DevToolsPropertyDefaultsPostProcessor : Devtools property defaults active! Set 'spring.devtools.add-properties' to 'false' to disable
2025-09-21T12:53:03.513+05:30  INFO 36524 --- [AllergyService] [restartedMain] .e.DevToolsPropertyDefaultsPostProcessor : For additional web related logging consider setting the 'logging.level.web' property to 'DEBUG'
2025-09-21T12:53:04.814+05:30  INFO 36524 --- [AllergyService] [restartedMain] .s.d.r.c.RepositoryConfigurationDelegate : Bootstrapping Spring Data JPA repositories in DEFAULT mode.
2025-09-21T12:53:04.902+05:30  INFO 36524 --- [AllergyService] [restartedMain] .s.d.r.c.RepositoryConfigurationDelegate : Finished Spring Data repository scanning in 74 ms. Found 1 JPA repository interface.
2025-09-21T12:53:05.859+05:30  INFO 36524 --- [AllergyService] [restartedMain] o.s.b.w.embedded.tomcat.TomcatWebServer  : Tomcat initialized with port 8080 (http)
2025-09-21T12:53:05.879+05:30  INFO 36524 --- [AllergyService] [restartedMain] o.apache.catalina.core.StandardService   : Starting service [Tomcat]
2025-09-21T12:53:05.880+05:30  INFO 36524 --- [AllergyService] [restartedMain] o.apache.catalina.core.StandardEngine    : Starting Servlet engine: [Apache Tomcat/10.1.44]
2025-09-21T12:53:05.963+05:30  INFO 36524 --- [AllergyService] [restartedMain] o.a.c.c.C.[Tomcat].[localhost].[/]       : Initializing Spring embedded WebApplicationContext
2025-09-21T12:53:05.964+05:30  INFO 36524 --- [AllergyService] [restartedMain] w.s.c.ServletWebServerApplicationContext : Root WebApplicationContext: initialization completed in 2431 ms
2025-09-21T12:53:06.807+05:30  INFO 36524 --- [AllergyService] [restartedMain] o.s.o.j.p.SpringPersistenceUnitInfo      : No LoadTimeWeaver setup: ignoring JPA class transformer
2025-09-21T12:53:06.857+05:30  INFO 36524 --- [AllergyService] [restartedMain] com.zaxxer.hikari.HikariDataSource       : HikariPool-1 - Starting...
2025-09-21T12:53:07.416+05:30  INFO 36524 --- [AllergyService] [restartedMain] com.zaxxer.hikari.pool.HikariPool        : HikariPool-1 - Added connection com.mysql.cj.jdbc.ConnectionImpl@1181f800
2025-09-21T12:53:07.419+05:30  INFO 36524 --- [AllergyService] [restartedMain] com.zaxxer.hikari.HikariDataSource       : HikariPool-1 - Start completed.
2025-09-21T12:53:09.273+05:30  INFO 36524 --- [AllergyService] [restartedMain] j.LocalContainerEntityManagerFactoryBean : Initialized JPA EntityManagerFactory for persistence unit 'default'
2025-09-21T12:53:09.698+05:30  WARN 36524 --- [AllergyService] [restartedMain] JpaBaseConfiguration$JpaWebConfiguration : spring.jpa.open-in-view is enabled by default. Therefore, database queries may be performed during view rendering. Explicitly configure spring.jpa.open-in-view to disable this warning
2025-09-21T12:53:09.965+05:30  INFO 36524 --- [AllergyService] [restartedMain] r$InitializeUserDetailsManagerConfigurer : Global AuthenticationManager configured with UserDetailsService bean with name userDetailsService
2025-09-21T12:53:10.478+05:30  INFO 36524 --- [AllergyService] [restartedMain] .w.s.a.s.AnnotationActionEndpointMapping : Supporting [WS-Addressing August 2004, WS-Addressing 1.0]
2025-09-21T12:53:10.543+05:30  INFO 36524 --- [AllergyService] [restartedMain] o.s.b.d.a.OptionalLiveReloadServer       : LiveReload server is running on port 35729
2025-09-21T12:53:10.598+05:30  INFO 36524 --- [AllergyService] [restartedMain] o.s.b.w.embedded.tomcat.TomcatWebServer  : Tomcat started on port 8080 (http) with context path '/'
2025-09-21T12:53:10.610+05:30  INFO 36524 --- [AllergyService] [restartedMain] c.m.pas.AllergyServiceApplication        : Started AllergyServiceApplication in 7.812 seconds (process running for 8.859)
2025-09-21T12:53:43.444+05:30  INFO 36524 --- [AllergyService] [http-nio-8080-exec-1] o.a.c.c.C.[Tomcat].[localhost].[/]       : Initializing Spring DispatcherServlet 'dispatcherServlet'
2025-09-21T12:53:43.444+05:30  INFO 36524 --- [AllergyService] [http-nio-8080-exec-1] o.s.web.servlet.DispatcherServlet        : Initializing Servlet 'dispatcherServlet'
2025-09-21T12:53:43.446+05:30  INFO 36524 --- [AllergyService] [http-nio-8080-exec-1] o.s.web.servlet.DispatcherServlet        : Completed initialization in 2 ms
2025-09-21T12:53:47.305+05:30 ERROR 36524 --- [AllergyService] [http-nio-8080-exec-2] o.a.c.c.C.[.[.[/].[dispatcherServlet]    : Servlet.service() for servlet [dispatcherServlet] in context with path [] threw exception

java.lang.IllegalArgumentException: Given that there is no default password encoder configured, each password must have a password encoding prefix. Please either prefix this password with '{noop}' or set a default password encoder in `DelegatingPasswordEncoder`.
	at org.springframework.security.crypto.password.DelegatingPasswordEncoder$UnmappedIdPasswordEncoder.matches(DelegatingPasswordEncoder.java:305) ~[spring-security-crypto-6.5.3.jar:6.5.3]
	at org.springframework.security.crypto.password.DelegatingPasswordEncoder.matches(DelegatingPasswordEncoder.java:246) ~[spring-security-crypto-6.5.3.jar:6.5.3]
	at org.springframework.security.authentication.dao.DaoAuthenticationProvider.additionalAuthenticationChecks(DaoAuthenticationProvider.java:104) ~[spring-security-core-6.5.3.jar:6.5.3]
	at org.springframework.security.authentication.dao.AbstractUserDetailsAuthenticationProvider.authenticate(AbstractUserDetailsAuthenticationProvider.java:150) ~[spring-security-core-6.5.3.jar:6.5.3]
	at org.springframework.security.authentication.ProviderManager.authenticate(ProviderManager.java:182) ~[spring-security-core-6.5.3.jar:6.5.3]
	at org.springframework.security.authentication.ProviderManager.authenticate(ProviderManager.java:214) ~[spring-security-core-6.5.3.jar:6.5.3]
	at org.springframework.security.web.authentication.www.BasicAuthenticationFilter.doFilterInternal(BasicAuthenticationFilter.java:187) ~[spring-security-web-6.5.3.jar:6.5.3]
	at org.springframework.web.filter.OncePerRequestFilter.doFilter(OncePerRequestFilter.java:116) ~[spring-web-6.2.10.jar:6.2.10]
	at org.springframework.security.web.FilterChainProxy$VirtualFilterChain.doFilter(FilterChainProxy.java:374) ~[spring-security-web-6.5.3.jar:6.5.3]
	at org.springframework.security.web.authentication.logout.LogoutFilter.doFilter(LogoutFilter.java:107) ~[spring-security-web-6.5.3.jar:6.5.3]
	at org.springframework.security.web.authentication.logout.LogoutFilter.doFilter(LogoutFilter.java:93) ~[spring-security-web-6.5.3.jar:6.5.3]
	at org.springframework.security.web.FilterChainProxy$VirtualFilterChain.doFilter(FilterChainProxy.java:374) ~[spring-security-web-6.5.3.jar:6.5.3]
	at org.springframework.security.web.csrf.CsrfFilter.doFilterInternal(CsrfFilter.java:117) ~[spring-security-web-6.5.3.jar:6.5.3]
	at org.springframework.web.filter.OncePerRequestFilter.doFilter(OncePerRequestFilter.java:116) ~[spring-web-6.2.10.jar:6.2.10]
	at org.springframework.security.web.FilterChainProxy$VirtualFilterChain.doFilter(FilterChainProxy.java:374) ~[spring-security-web-6.5.3.jar:6.5.3]
	at org.springframework.security.web.header.HeaderWriterFilter.doHeadersAfter(HeaderWriterFilter.java:90) ~[spring-security-web-6.5.3.jar:6.5.3]
	at org.springframework.security.web.header.HeaderWriterFilter.doFilterInternal(HeaderWriterFilter.java:75) ~[spring-security-web-6.5.3.jar:6.5.3]
	at org.springframework.web.filter.OncePerRequestFilter.doFilter(OncePerRequestFilter.java:116) ~[spring-web-6.2.10.jar:6.2.10]
	at org.springframework.security.web.FilterChainProxy$VirtualFilterChain.doFilter(FilterChainProxy.java:374) ~[spring-security-web-6.5.3.jar:6.5.3]
	at org.springframework.security.web.context.SecurityContextHolderFilter.doFilter(SecurityContextHolderFilter.java:82) ~[spring-security-web-6.5.3.jar:6.5.3]
	at org.springframework.security.web.context.SecurityContextHolderFilter.doFilter(SecurityContextHolderFilter.java:69) ~[spring-security-web-6.5.3.jar:6.5.3]
	at org.springframework.security.web.FilterChainProxy$VirtualFilterChain.doFilter(FilterChainProxy.java:374) ~[spring-security-web-6.5.3.jar:6.5.3]
	at org.springframework.security.web.context.request.async.WebAsyncManagerIntegrationFilter.doFilterInternal(WebAsyncManagerIntegrationFilter.java:62) ~[spring-security-web-6.5.3.jar:6.5.3]
	at org.springframework.web.filter.OncePerRequestFilter.doFilter(OncePerRequestFilter.java:116) ~[spring-web-6.2.10.jar:6.2.10]
	at org.springframework.security.web.FilterChainProxy$VirtualFilterChain.doFilter(FilterChainProxy.java:374) ~[spring-security-web-6.5.3.jar:6.5.3]
	at org.springframework.security.web.session.DisableEncodeUrlFilter.doFilterInternal(DisableEncodeUrlFilter.java:42) ~[spring-security-web-6.5.3.jar:6.5.3]
	at org.springframework.web.filter.OncePerRequestFilter.doFilter(OncePerRequestFilter.java:116) ~[spring-web-6.2.10.jar:6.2.10]
	at org.springframework.security.web.FilterChainProxy$VirtualFilterChain.doFilter(FilterChainProxy.java:374) ~[spring-security-web-6.5.3.jar:6.5.3]
	at org.springframework.security.web.FilterChainProxy.doFilterInternal(FilterChainProxy.java:233) ~[spring-security-web-6.5.3.jar:6.5.3]
	at org.springframework.security.web.FilterChainProxy.doFilter(FilterChainProxy.java:191) ~[spring-security-web-6.5.3.jar:6.5.3]
	at org.springframework.web.filter.CompositeFilter$VirtualFilterChain.doFilter(CompositeFilter.java:113) ~[spring-web-6.2.10.jar:6.2.10]
	at org.springframework.web.filter.ServletRequestPathFilter.doFilter(ServletRequestPathFilter.java:52) ~[spring-web-6.2.10.jar:6.2.10]
	at org.springframework.web.filter.CompositeFilter$VirtualFilterChain.doFilter(CompositeFilter.java:113) ~[spring-web-6.2.10.jar:6.2.10]
	at org.springframework.web.filter.CompositeFilter.doFilter(CompositeFilter.java:74) ~[spring-web-6.2.10.jar:6.2.10]
	at org.springframework.security.config.annotation.web.configuration.WebSecurityConfiguration$CompositeFilterChainProxy.doFilter(WebSecurityConfiguration.java:319) ~[spring-security-config-6.5.3.jar:6.5.3]
	at org.springframework.web.filter.CompositeFilter$VirtualFilterChain.doFilter(CompositeFilter.java:113) ~[spring-web-6.2.10.jar:6.2.10]
	at org.springframework.web.servlet.handler.HandlerMappingIntrospector.lambda$createCacheFilter$4(HandlerMappingIntrospector.java:267) ~[spring-webmvc-6.2.10.jar:6.2.10]
	at org.springframework.web.filter.CompositeFilter$VirtualFilterChain.doFilter(CompositeFilter.java:113) ~[spring-web-6.2.10.jar:6.2.10]
	at org.springframework.web.filter.CompositeFilter.doFilter(CompositeFilter.java:74) ~[spring-web-6.2.10.jar:6.2.10]
	at org.springframework.security.config.annotation.web.configuration.WebMvcSecurityConfiguration$CompositeFilterChainProxy.doFilter(WebMvcSecurityConfiguration.java:240) ~[spring-security-config-6.5.3.jar:6.5.3]
	at org.springframework.web.filter.DelegatingFilterProxy.invokeDelegate(DelegatingFilterProxy.java:362) ~[spring-web-6.2.10.jar:6.2.10]
	at org.springframework.web.filter.DelegatingFilterProxy.doFilter(DelegatingFilterProxy.java:278) ~[spring-web-6.2.10.jar:6.2.10]
	at org.apache.catalina.core.ApplicationFilterChain.internalDoFilter(ApplicationFilterChain.java:164) ~[tomcat-embed-core-10.1.44.jar:10.1.44]
	at org.apache.catalina.core.ApplicationFilterChain.doFilter(ApplicationFilterChain.java:140) ~[tomcat-embed-core-10.1.44.jar:10.1.44]
	at org.springframework.web.filter.RequestContextFilter.doFilterInternal(RequestContextFilter.java:100) ~[spring-web-6.2.10.jar:6.2.10]
	at org.springframework.web.filter.OncePerRequestFilter.doFilter(OncePerRequestFilter.java:116) ~[spring-web-6.2.10.jar:6.2.10]
	at org.apache.catalina.core.ApplicationFilterChain.internalDoFilter(ApplicationFilterChain.java:164) ~[tomcat-embed-core-10.1.44.jar:10.1.44]
	at org.apache.catalina.core.ApplicationFilterChain.doFilter(ApplicationFilterChain.java:140) ~[tomcat-embed-core-10.1.44.jar:10.1.44]
	at org.springframework.web.filter.FormContentFilter.doFilterInternal(FormContentFilter.java:93) ~[spring-web-6.2.10.jar:6.2.10]
	at org.springframework.web.filter.OncePerRequestFilter.doFilter(OncePerRequestFilter.java:116) ~[spring-web-6.2.10.jar:6.2.10]
	at org.apache.catalina.core.ApplicationFilterChain.internalDoFilter(ApplicationFilterChain.java:164) ~[tomcat-embed-core-10.1.44.jar:10.1.44]
	at org.apache.catalina.core.ApplicationFilterChain.doFilter(ApplicationFilterChain.java:140) ~[tomcat-embed-core-10.1.44.jar:10.1.44]
	at org.springframework.web.filter.CharacterEncodingFilter.doFilterInternal(CharacterEncodingFilter.java:201) ~[spring-web-6.2.10.jar:6.2.10]
	at org.springframework.web.filter.OncePerRequestFilter.doFilter(OncePerRequestFilter.java:116) ~[spring-web-6.2.10.jar:6.2.10]
	at org.apache.catalina.core.ApplicationFilterChain.internalDoFilter(ApplicationFilterChain.java:164) ~[tomcat-embed-core-10.1.44.jar:10.1.44]
	at org.apache.catalina.core.ApplicationFilterChain.doFilter(ApplicationFilterChain.java:140) ~[tomcat-embed-core-10.1.44.jar:10.1.44]
	at org.apache.catalina.core.StandardWrapperValve.invoke(StandardWrapperValve.java:167) ~[tomcat-embed-core-10.1.44.jar:10.1.44]
	at org.apache.catalina.core.StandardContextValve.invoke(StandardContextValve.java:90) ~[tomcat-embed-core-10.1.44.jar:10.1.44]
	at org.apache.catalina.authenticator.AuthenticatorBase.invoke(AuthenticatorBase.java:483) ~[tomcat-embed-core-10.1.44.jar:10.1.44]
	at org.apache.catalina.core.StandardHostValve.invoke(StandardHostValve.java:116) ~[tomcat-embed-core-10.1.44.jar:10.1.44]
	at org.apache.catalina.valves.ErrorReportValve.invoke(ErrorReportValve.java:93) ~[tomcat-embed-core-10.1.44.jar:10.1.44]
	at org.apache.catalina.core.StandardEngineValve.invoke(StandardEngineValve.java:74) ~[tomcat-embed-core-10.1.44.jar:10.1.44]
	at org.apache.catalina.connector.CoyoteAdapter.service(CoyoteAdapter.java:344) ~[tomcat-embed-core-10.1.44.jar:10.1.44]
	at org.apache.coyote.http11.Http11Processor.service(Http11Processor.java:398) ~[tomcat-embed-core-10.1.44.jar:10.1.44]
	at org.apache.coyote.AbstractProcessorLight.process(AbstractProcessorLight.java:63) ~[tomcat-embed-core-10.1.44.jar:10.1.44]
	at org.apache.coyote.AbstractProtocol$ConnectionHandler.process(AbstractProtocol.java:903) ~[tomcat-embed-core-10.1.44.jar:10.1.44]
	at org.apache.tomcat.util.net.NioEndpoint$SocketProcessor.doRun(NioEndpoint.java:1769) ~[tomcat-embed-core-10.1.44.jar:10.1.44]
	at org.apache.tomcat.util.net.SocketProcessorBase.run(SocketProcessorBase.java:52) ~[tomcat-embed-core-10.1.44.jar:10.1.44]
	at org.apache.tomcat.util.threads.ThreadPoolExecutor.runWorker(ThreadPoolExecutor.java:1189) ~[tomcat-embed-core-10.1.44.jar:10.1.44]
	at org.apache.tomcat.util.threads.ThreadPoolExecutor$Worker.run(ThreadPoolExecutor.java:658) ~[tomcat-embed-core-10.1.44.jar:10.1.44]
	at org.apache.tomcat.util.threads.TaskThread$WrappingRunnable.run(TaskThread.java:63) ~[tomcat-embed-core-10.1.44.jar:10.1.44]
	at java.base/java.lang.Thread.run(Thread.java:1583) ~[na:na]

2025-09-21T12:53:51.997+05:30 ERROR 36524 --- [AllergyService] [http-nio-8080-exec-3] o.a.c.c.C.[.[.[/].[dispatcherServlet]    : Servlet.service() for servlet [dispatcherServlet] in context with path [] threw exception

java.lang.IllegalArgumentException: Given that there is no default password encoder configured, each password must have a password encoding prefix. Please either prefix this password with '{noop}' or set a default password encoder in `DelegatingPasswordEncoder`.
	at org.springframework.security.crypto.password.DelegatingPasswordEncoder$UnmappedIdPasswordEncoder.matches(DelegatingPasswordEncoder.java:305) ~[spring-security-crypto-6.5.3.jar:6.5.3]
	at org.springframework.security.crypto.password.DelegatingPasswordEncoder.matches(DelegatingPasswordEncoder.java:246) ~[spring-security-crypto-6.5.3.jar:6.5.3]
	at org.springframework.security.authentication.dao.DaoAuthenticationProvider.additionalAuthenticationChecks(DaoAuthenticationProvider.java:104) ~[spring-security-core-6.5.3.jar:6.5.3]
	at org.springframework.security.authentication.dao.AbstractUserDetailsAuthenticationProvider.authenticate(AbstractUserDetailsAuthenticationProvider.java:150) ~[spring-security-core-6.5.3.jar:6.5.3]
	at org.springframework.security.authentication.ProviderManager.authenticate(ProviderManager.java:182) ~[spring-security-core-6.5.3.jar:6.5.3]
	at org.springframework.security.authentication.ProviderManager.authenticate(ProviderManager.java:214) ~[spring-security-core-6.5.3.jar:6.5.3]
	at org.springframework.security.web.authentication.www.BasicAuthenticationFilter.doFilterInternal(BasicAuthenticationFilter.java:187) ~[spring-security-web-6.5.3.jar:6.5.3]
	at org.springframework.web.filter.OncePerRequestFilter.doFilter(OncePerRequestFilter.java:116) ~[spring-web-6.2.10.jar:6.2.10]
	at org.springframework.security.web.FilterChainProxy$VirtualFilterChain.doFilter(FilterChainProxy.java:374) ~[spring-security-web-6.5.3.jar:6.5.3]
	at org.springframework.security.web.authentication.logout.LogoutFilter.doFilter(LogoutFilter.java:107) ~[spring-security-web-6.5.3.jar:6.5.3]
	at org.springframework.security.web.authentication.logout.LogoutFilter.doFilter(LogoutFilter.java:93) ~[spring-security-web-6.5.3.jar:6.5.3]
	at org.springframework.security.web.FilterChainProxy$VirtualFilterChain.doFilter(FilterChainProxy.java:374) ~[spring-security-web-6.5.3.jar:6.5.3]
	at org.springframework.security.web.csrf.CsrfFilter.doFilterInternal(CsrfFilter.java:117) ~[spring-security-web-6.5.3.jar:6.5.3]
	at org.springframework.web.filter.OncePerRequestFilter.doFilter(OncePerRequestFilter.java:116) ~[spring-web-6.2.10.jar:6.2.10]
	at org.springframework.security.web.FilterChainProxy$VirtualFilterChain.doFilter(FilterChainProxy.java:374) ~[spring-security-web-6.5.3.jar:6.5.3]
	at org.springframework.security.web.header.HeaderWriterFilter.doHeadersAfter(HeaderWriterFilter.java:90) ~[spring-security-web-6.5.3.jar:6.5.3]
	at org.springframework.security.web.header.HeaderWriterFilter.doFilterInternal(HeaderWriterFilter.java:75) ~[spring-security-web-6.5.3.jar:6.5.3]
	at org.springframework.web.filter.OncePerRequestFilter.doFilter(OncePerRequestFilter.java:116) ~[spring-web-6.2.10.jar:6.2.10]
	at org.springframework.security.web.FilterChainProxy$VirtualFilterChain.doFilter(FilterChainProxy.java:374) ~[spring-security-web-6.5.3.jar:6.5.3]
	at org.springframework.security.web.context.SecurityContextHolderFilter.doFilter(SecurityContextHolderFilter.java:82) ~[spring-security-web-6.5.3.jar:6.5.3]
	at org.springframework.security.web.context.SecurityContextHolderFilter.doFilter(SecurityContextHolderFilter.java:69) ~[spring-security-web-6.5.3.jar:6.5.3]
	at org.springframework.security.web.FilterChainProxy$VirtualFilterChain.doFilter(FilterChainProxy.java:374) ~[spring-security-web-6.5.3.jar:6.5.3]
	at org.springframework.security.web.context.request.async.WebAsyncManagerIntegrationFilter.doFilterInternal(WebAsyncManagerIntegrationFilter.java:62) ~[spring-security-web-6.5.3.jar:6.5.3]
	at org.springframework.web.filter.OncePerRequestFilter.doFilter(OncePerRequestFilter.java:116) ~[spring-web-6.2.10.jar:6.2.10]
	at org.springframework.security.web.FilterChainProxy$VirtualFilterChain.doFilter(FilterChainProxy.java:374) ~[spring-security-web-6.5.3.jar:6.5.3]
	at org.springframework.security.web.session.DisableEncodeUrlFilter.doFilterInternal(DisableEncodeUrlFilter.java:42) ~[spring-security-web-6.5.3.jar:6.5.3]
	at org.springframework.web.filter.OncePerRequestFilter.doFilter(OncePerRequestFilter.java:116) ~[spring-web-6.2.10.jar:6.2.10]
	at org.springframework.security.web.FilterChainProxy$VirtualFilterChain.doFilter(FilterChainProxy.java:374) ~[spring-security-web-6.5.3.jar:6.5.3]
	at org.springframework.security.web.FilterChainProxy.doFilterInternal(FilterChainProxy.java:233) ~[spring-security-web-6.5.3.jar:6.5.3]
	at org.springframework.security.web.FilterChainProxy.doFilter(FilterChainProxy.java:191) ~[spring-security-web-6.5.3.jar:6.5.3]
	at org.springframework.web.filter.CompositeFilter$VirtualFilterChain.doFilter(CompositeFilter.java:113) ~[spring-web-6.2.10.jar:6.2.10]
	at org.springframework.web.filter.ServletRequestPathFilter.doFilter(ServletRequestPathFilter.java:52) ~[spring-web-6.2.10.jar:6.2.10]
	at org.springframework.web.filter.CompositeFilter$VirtualFilterChain.doFilter(CompositeFilter.java:113) ~[spring-web-6.2.10.jar:6.2.10]
	at org.springframework.web.filter.CompositeFilter.doFilter(CompositeFilter.java:74) ~[spring-web-6.2.10.jar:6.2.10]
	at org.springframework.security.config.annotation.web.configuration.WebSecurityConfiguration$CompositeFilterChainProxy.doFilter(WebSecurityConfiguration.java:319) ~[spring-security-config-6.5.3.jar:6.5.3]
	at org.springframework.web.filter.CompositeFilter$VirtualFilterChain.doFilter(CompositeFilter.java:113) ~[spring-web-6.2.10.jar:6.2.10]
	at org.springframework.web.servlet.handler.HandlerMappingIntrospector.lambda$createCacheFilter$4(HandlerMappingIntrospector.java:267) ~[spring-webmvc-6.2.10.jar:6.2.10]
	at org.springframework.web.filter.CompositeFilter$VirtualFilterChain.doFilter(CompositeFilter.java:113) ~[spring-web-6.2.10.jar:6.2.10]
	at org.springframework.web.filter.CompositeFilter.doFilter(CompositeFilter.java:74) ~[spring-web-6.2.10.jar:6.2.10]
	at org.springframework.security.config.annotation.web.configuration.WebMvcSecurityConfiguration$CompositeFilterChainProxy.doFilter(WebMvcSecurityConfiguration.java:240) ~[spring-security-config-6.5.3.jar:6.5.3]
	at org.springframework.web.filter.DelegatingFilterProxy.invokeDelegate(DelegatingFilterProxy.java:362) ~[spring-web-6.2.10.jar:6.2.10]
	at org.springframework.web.filter.DelegatingFilterProxy.doFilter(DelegatingFilterProxy.java:278) ~[spring-web-6.2.10.jar:6.2.10]
	at org.apache.catalina.core.ApplicationFilterChain.internalDoFilter(ApplicationFilterChain.java:164) ~[tomcat-embed-core-10.1.44.jar:10.1.44]
	at org.apache.catalina.core.ApplicationFilterChain.doFilter(ApplicationFilterChain.java:140) ~[tomcat-embed-core-10.1.44.jar:10.1.44]
	at org.springframework.web.filter.RequestContextFilter.doFilterInternal(RequestContextFilter.java:100) ~[spring-web-6.2.10.jar:6.2.10]
	at org.springframework.web.filter.OncePerRequestFilter.doFilter(OncePerRequestFilter.java:116) ~[spring-web-6.2.10.jar:6.2.10]
	at org.apache.catalina.core.ApplicationFilterChain.internalDoFilter(ApplicationFilterChain.java:164) ~[tomcat-embed-core-10.1.44.jar:10.1.44]
	at org.apache.catalina.core.ApplicationFilterChain.doFilter(ApplicationFilterChain.java:140) ~[tomcat-embed-core-10.1.44.jar:10.1.44]
	at org.springframework.web.filter.FormContentFilter.doFilterInternal(FormContentFilter.java:93) ~[spring-web-6.2.10.jar:6.2.10]
	at org.springframework.web.filter.OncePerRequestFilter.doFilter(OncePerRequestFilter.java:116) ~[spring-web-6.2.10.jar:6.2.10]
	at org.apache.catalina.core.ApplicationFilterChain.internalDoFilter(ApplicationFilterChain.java:164) ~[tomcat-embed-core-10.1.44.jar:10.1.44]
	at org.apache.catalina.core.ApplicationFilterChain.doFilter(ApplicationFilterChain.java:140) ~[tomcat-embed-core-10.1.44.jar:10.1.44]
	at org.springframework.web.filter.CharacterEncodingFilter.doFilterInternal(CharacterEncodingFilter.java:201) ~[spring-web-6.2.10.jar:6.2.10]
	at org.springframework.web.filter.OncePerRequestFilter.doFilter(OncePerRequestFilter.java:116) ~[spring-web-6.2.10.jar:6.2.10]
	at org.apache.catalina.core.ApplicationFilterChain.internalDoFilter(ApplicationFilterChain.java:164) ~[tomcat-embed-core-10.1.44.jar:10.1.44]
	at org.apache.catalina.core.ApplicationFilterChain.doFilter(ApplicationFilterChain.java:140) ~[tomcat-embed-core-10.1.44.jar:10.1.44]
	at org.apache.catalina.core.StandardWrapperValve.invoke(StandardWrapperValve.java:167) ~[tomcat-embed-core-10.1.44.jar:10.1.44]
	at org.apache.catalina.core.StandardContextValve.invoke(StandardContextValve.java:90) ~[tomcat-embed-core-10.1.44.jar:10.1.44]
	at org.apache.catalina.authenticator.AuthenticatorBase.invoke(AuthenticatorBase.java:483) ~[tomcat-embed-core-10.1.44.jar:10.1.44]
	at org.apache.catalina.core.StandardHostValve.invoke(StandardHostValve.java:116) ~[tomcat-embed-core-10.1.44.jar:10.1.44]
	at org.apache.catalina.valves.ErrorReportValve.invoke(ErrorReportValve.java:93) ~[tomcat-embed-core-10.1.44.jar:10.1.44]
	at org.apache.catalina.core.StandardEngineValve.invoke(StandardEngineValve.java:74) ~[tomcat-embed-core-10.1.44.jar:10.1.44]
	at org.apache.catalina.connector.CoyoteAdapter.service(CoyoteAdapter.java:344) ~[tomcat-embed-core-10.1.44.jar:10.1.44]
	at org.apache.coyote.http11.Http11Processor.service(Http11Processor.java:398) ~[tomcat-embed-core-10.1.44.jar:10.1.44]
	at org.apache.coyote.AbstractProcessorLight.process(AbstractProcessorLight.java:63) ~[tomcat-embed-core-10.1.44.jar:10.1.44]
	at org.apache.coyote.AbstractProtocol$ConnectionHandler.process(AbstractProtocol.java:903) ~[tomcat-embed-core-10.1.44.jar:10.1.44]
	at org.apache.tomcat.util.net.NioEndpoint$SocketProcessor.doRun(NioEndpoint.java:1769) ~[tomcat-embed-core-10.1.44.jar:10.1.44]
	at org.apache.tomcat.util.net.SocketProcessorBase.run(SocketProcessorBase.java:52) ~[tomcat-embed-core-10.1.44.jar:10.1.44]
	at org.apache.tomcat.util.threads.ThreadPoolExecutor.runWorker(ThreadPoolExecutor.java:1189) ~[tomcat-embed-core-10.1.44.jar:10.1.44]
	at org.apache.tomcat.util.threads.ThreadPoolExecutor$Worker.run(ThreadPoolExecutor.java:658) ~[tomcat-embed-core-10.1.44.jar:10.1.44]
	at org.apache.tomcat.util.threads.TaskThread$WrappingRunnable.run(TaskThread.java:63) ~[tomcat-embed-core-10.1.44.jar:10.1.44]
	at java.base/java.lang.Thread.run(Thread.java:1583) ~[na:na]

2025-09-21T12:54:04.145+05:30  INFO 36524 --- [AllergyService] [File Watcher] rtingClassPathChangeChangedEventListener : Restarting due to 1 class path change (0 additions, 0 deletions, 1 modification)
2025-09-21T12:54:04.149+05:30  INFO 36524 --- [AllergyService] [Thread-5] o.s.b.w.e.tomcat.GracefulShutdown        : Commencing graceful shutdown. Waiting for active requests to complete
2025-09-21T12:54:04.158+05:30  INFO 36524 --- [AllergyService] [tomcat-shutdown] o.s.b.w.e.tomcat.GracefulShutdown        : Graceful shutdown complete
2025-09-21T12:54:04.163+05:30  INFO 36524 --- [AllergyService] [Thread-5] j.LocalContainerEntityManagerFactoryBean : Closing JPA EntityManagerFactory for persistence unit 'default'
2025-09-21T12:54:04.231+05:30  INFO 36524 --- [AllergyService] [Thread-5] com.zaxxer.hikari.HikariDataSource       : HikariPool-1 - Shutdown initiated...
2025-09-21T12:54:04.238+05:30  INFO 36524 --- [AllergyService] [Thread-5] com.zaxxer.hikari.HikariDataSource       : HikariPool-1 - Shutdown completed.
2025-09-21T12:54:04.372+05:30  INFO 36524 --- [AllergyService] [restartedMain] c.m.pas.AllergyServiceApplication        : Starting AllergyServiceApplication using Java 21.0.7 with PID 36524 (C:\WorkSpaces\Medibridge\AllergyService\target\classes started by surje in C:\WorkSpaces\Medibridge\AllergyService)
2025-09-21T12:54:04.372+05:30  INFO 36524 --- [AllergyService] [restartedMain] c.m.pas.AllergyServiceApplication        : The following 1 profile is active: "local"
2025-09-21T12:54:04.640+05:30  INFO 36524 --- [AllergyService] [restartedMain] .s.d.r.c.RepositoryConfigurationDelegate : Bootstrapping Spring Data JPA repositories in DEFAULT mode.
2025-09-21T12:54:04.653+05:30  INFO 36524 --- [AllergyService] [restartedMain] .s.d.r.c.RepositoryConfigurationDelegate : Finished Spring Data repository scanning in 11 ms. Found 1 JPA repository interface.
2025-09-21T12:54:04.760+05:30  INFO 36524 --- [AllergyService] [restartedMain] o.s.b.w.embedded.tomcat.TomcatWebServer  : Tomcat initialized with port 8080 (http)
2025-09-21T12:54:04.761+05:30  INFO 36524 --- [AllergyService] [restartedMain] o.apache.catalina.core.StandardService   : Starting service [Tomcat]
2025-09-21T12:54:04.761+05:30  INFO 36524 --- [AllergyService] [restartedMain] o.apache.catalina.core.StandardEngine    : Starting Servlet engine: [Apache Tomcat/10.1.44]
2025-09-21T12:54:04.823+05:30  INFO 36524 --- [AllergyService] [restartedMain] o.a.c.c.C.[Tomcat].[localhost].[/]       : Initializing Spring embedded WebApplicationContext
2025-09-21T12:54:04.823+05:30  INFO 36524 --- [AllergyService] [restartedMain] w.s.c.ServletWebServerApplicationContext : Root WebApplicationContext: initialization completed in 447 ms
2025-09-21T12:54:04.887+05:30  INFO 36524 --- [AllergyService] [restartedMain] o.s.o.j.p.SpringPersistenceUnitInfo      : No LoadTimeWeaver setup: ignoring JPA class transformer
2025-09-21T12:54:04.889+05:30  INFO 36524 --- [AllergyService] [restartedMain] com.zaxxer.hikari.HikariDataSource       : HikariPool-2 - Starting...
2025-09-21T12:54:04.905+05:30  INFO 36524 --- [AllergyService] [restartedMain] com.zaxxer.hikari.pool.HikariPool        : HikariPool-2 - Added connection com.mysql.cj.jdbc.ConnectionImpl@6b4caebf
2025-09-21T12:54:04.906+05:30  INFO 36524 --- [AllergyService] [restartedMain] com.zaxxer.hikari.HikariDataSource       : HikariPool-2 - Start completed.
2025-09-21T12:54:05.019+05:30  INFO 36524 --- [AllergyService] [restartedMain] j.LocalContainerEntityManagerFactoryBean : Initialized JPA EntityManagerFactory for persistence unit 'default'
2025-09-21T12:54:05.115+05:30  WARN 36524 --- [AllergyService] [restartedMain] JpaBaseConfiguration$JpaWebConfiguration : spring.jpa.open-in-view is enabled by default. Therefore, database queries may be performed during view rendering. Explicitly configure spring.jpa.open-in-view to disable this warning
2025-09-21T12:54:05.181+05:30  INFO 36524 --- [AllergyService] [restartedMain] r$InitializeUserDetailsManagerConfigurer : Global AuthenticationManager configured with UserDetailsService bean with name userDetailsService
2025-09-21T12:54:05.249+05:30  INFO 36524 --- [AllergyService] [restartedMain] .w.s.a.s.AnnotationActionEndpointMapping : Supporting [WS-Addressing August 2004, WS-Addressing 1.0]
2025-09-21T12:54:05.258+05:30  INFO 36524 --- [AllergyService] [restartedMain] o.s.b.d.a.OptionalLiveReloadServer       : LiveReload server is running on port 35729
2025-09-21T12:54:05.272+05:30  INFO 36524 --- [AllergyService] [restartedMain] o.s.b.w.embedded.tomcat.TomcatWebServer  : Tomcat started on port 8080 (http) with context path '/'
2025-09-21T12:54:05.277+05:30  INFO 36524 --- [AllergyService] [restartedMain] c.m.pas.AllergyServiceApplication        : Started AllergyServiceApplication in 0.951 seconds (process running for 63.527)
2025-09-21T12:54:05.279+05:30  INFO 36524 --- [AllergyService] [restartedMain] .ConditionEvaluationDeltaLoggingListener : Condition evaluation unchanged
2025-09-21T12:54:08.419+05:30  INFO 36524 --- [AllergyService] [RMI TCP Connection(12)-127.0.0.1] inMXBeanRegistrar$SpringApplicationAdmin : Application shutdown requested.
2025-09-21T12:54:08.420+05:30  INFO 36524 --- [AllergyService] [RMI TCP Connection(12)-127.0.0.1] o.s.b.w.e.tomcat.GracefulShutdown        : Commencing graceful shutdown. Waiting for active requests to complete
2025-09-21T12:54:08.433+05:30  INFO 36524 --- [AllergyService] [tomcat-shutdown] o.s.b.w.e.tomcat.GracefulShutdown        : Graceful shutdown complete
2025-09-21T12:54:08.438+05:30  INFO 36524 --- [AllergyService] [RMI TCP Connection(12)-127.0.0.1] j.LocalContainerEntityManagerFactoryBean : Closing JPA EntityManagerFactory for persistence unit 'default'
2025-09-21T12:54:08.498+05:30  INFO 36524 --- [AllergyService] [RMI TCP Connection(12)-127.0.0.1] com.zaxxer.hikari.HikariDataSource       : HikariPool-2 - Shutdown initiated...
2025-09-21T12:54:08.505+05:30  INFO 36524 --- [AllergyService] [RMI TCP Connection(12)-127.0.0.1] com.zaxxer.hikari.HikariDataSource       : HikariPool-2 - Shutdown completed.
2025-09-21T12:56:04.587+05:30  INFO 24776 --- [AllergyService] [restartedMain] c.m.pas.AllergyServiceApplication        : Starting AllergyServiceApplication using Java 21.0.7 with PID 24776 (C:\WorkSpaces\Medibridge\AllergyService\target\classes started by surje in C:\WorkSpaces\Medibridge\AllergyService)
2025-09-21T12:56:04.589+05:30  INFO 24776 --- [AllergyService] [restartedMain] c.m.pas.AllergyServiceApplication        : The following 1 profile is active: "local"
2025-09-21T12:56:04.639+05:30  INFO 24776 --- [AllergyService] [restartedMain] .e.DevToolsPropertyDefaultsPostProcessor : Devtools property defaults active! Set 'spring.devtools.add-properties' to 'false' to disable
2025-09-21T12:56:04.640+05:30  INFO 24776 --- [AllergyService] [restartedMain] .e.DevToolsPropertyDefaultsPostProcessor : For additional web related logging consider setting the 'logging.level.web' property to 'DEBUG'
2025-09-21T12:56:05.407+05:30  INFO 24776 --- [AllergyService] [restartedMain] .s.d.r.c.RepositoryConfigurationDelegate : Bootstrapping Spring Data JPA repositories in DEFAULT mode.
2025-09-21T12:56:05.481+05:30  INFO 24776 --- [AllergyService] [restartedMain] .s.d.r.c.RepositoryConfigurationDelegate : Finished Spring Data repository scanning in 66 ms. Found 1 JPA repository interface.
2025-09-21T12:56:06.049+05:30  INFO 24776 --- [AllergyService] [restartedMain] o.s.b.w.embedded.tomcat.TomcatWebServer  : Tomcat initialized with port 8080 (http)
2025-09-21T12:56:06.061+05:30  INFO 24776 --- [AllergyService] [restartedMain] o.apache.catalina.core.StandardService   : Starting service [Tomcat]
2025-09-21T12:56:06.062+05:30  INFO 24776 --- [AllergyService] [restartedMain] o.apache.catalina.core.StandardEngine    : Starting Servlet engine: [Apache Tomcat/10.1.44]
2025-09-21T12:56:06.119+05:30  INFO 24776 --- [AllergyService] [restartedMain] o.a.c.c.C.[Tomcat].[localhost].[/]       : Initializing Spring embedded WebApplicationContext
2025-09-21T12:56:06.119+05:30  INFO 24776 --- [AllergyService] [restartedMain] w.s.c.ServletWebServerApplicationContext : Root WebApplicationContext: initialization completed in 1478 ms
2025-09-21T12:56:06.686+05:30  INFO 24776 --- [AllergyService] [restartedMain] o.s.o.j.p.SpringPersistenceUnitInfo      : No LoadTimeWeaver setup: ignoring JPA class transformer
2025-09-21T12:56:06.716+05:30  INFO 24776 --- [AllergyService] [restartedMain] com.zaxxer.hikari.HikariDataSource       : HikariPool-1 - Starting...
2025-09-21T12:56:07.073+05:30  INFO 24776 --- [AllergyService] [restartedMain] com.zaxxer.hikari.pool.HikariPool        : HikariPool-1 - Added connection com.mysql.cj.jdbc.ConnectionImpl@285692fd
2025-09-21T12:56:07.074+05:30  INFO 24776 --- [AllergyService] [restartedMain] com.zaxxer.hikari.HikariDataSource       : HikariPool-1 - Start completed.
2025-09-21T12:56:08.309+05:30  INFO 24776 --- [AllergyService] [restartedMain] j.LocalContainerEntityManagerFactoryBean : Initialized JPA EntityManagerFactory for persistence unit 'default'
2025-09-21T12:56:08.604+05:30  WARN 24776 --- [AllergyService] [restartedMain] JpaBaseConfiguration$JpaWebConfiguration : spring.jpa.open-in-view is enabled by default. Therefore, database queries may be performed during view rendering. Explicitly configure spring.jpa.open-in-view to disable this warning
2025-09-21T12:56:08.848+05:30  INFO 24776 --- [AllergyService] [restartedMain] r$InitializeUserDetailsManagerConfigurer : Global AuthenticationManager configured with UserDetailsService bean with name userDetailsService
2025-09-21T12:56:09.161+05:30  INFO 24776 --- [AllergyService] [restartedMain] .w.s.a.s.AnnotationActionEndpointMapping : Supporting [WS-Addressing August 2004, WS-Addressing 1.0]
2025-09-21T12:56:09.193+05:30  INFO 24776 --- [AllergyService] [restartedMain] o.s.b.d.a.OptionalLiveReloadServer       : LiveReload server is running on port 35729
2025-09-21T12:56:09.235+05:30  INFO 24776 --- [AllergyService] [restartedMain] o.s.b.w.embedded.tomcat.TomcatWebServer  : Tomcat started on port 8080 (http) with context path '/'
2025-09-21T12:56:09.245+05:30  INFO 24776 --- [AllergyService] [restartedMain] c.m.pas.AllergyServiceApplication        : Started AllergyServiceApplication in 5.125 seconds (process running for 5.864)
2025-09-21T12:56:21.451+05:30  INFO 24776 --- [AllergyService] [http-nio-8080-exec-1] o.a.c.c.C.[Tomcat].[localhost].[/]       : Initializing Spring DispatcherServlet 'dispatcherServlet'
2025-09-21T12:56:21.451+05:30  INFO 24776 --- [AllergyService] [http-nio-8080-exec-1] o.s.web.servlet.DispatcherServlet        : Initializing Servlet 'dispatcherServlet'
2025-09-21T12:56:21.455+05:30  INFO 24776 --- [AllergyService] [http-nio-8080-exec-1] o.s.web.servlet.DispatcherServlet        : Completed initialization in 0 ms
2025-09-21T12:57:36.742+05:30  INFO 24776 --- [AllergyService] [File Watcher] rtingClassPathChangeChangedEventListener : Restarting due to 1 class path change (0 additions, 0 deletions, 1 modification)
2025-09-21T12:57:36.746+05:30  INFO 24776 --- [AllergyService] [Thread-5] o.s.b.w.e.tomcat.GracefulShutdown        : Commencing graceful shutdown. Waiting for active requests to complete
2025-09-21T12:57:36.758+05:30  INFO 24776 --- [AllergyService] [tomcat-shutdown] o.s.b.w.e.tomcat.GracefulShutdown        : Graceful shutdown complete
2025-09-21T12:57:36.764+05:30  INFO 24776 --- [AllergyService] [Thread-5] j.LocalContainerEntityManagerFactoryBean : Closing JPA EntityManagerFactory for persistence unit 'default'
2025-09-21T12:57:36.791+05:30  INFO 24776 --- [AllergyService] [Thread-5] com.zaxxer.hikari.HikariDataSource       : HikariPool-1 - Shutdown initiated...
2025-09-21T12:57:36.799+05:30  INFO 24776 --- [AllergyService] [Thread-5] com.zaxxer.hikari.HikariDataSource       : HikariPool-1 - Shutdown completed.
2025-09-21T12:57:36.951+05:30  INFO 24776 --- [AllergyService] [restartedMain] c.m.pas.AllergyServiceApplication        : Starting AllergyServiceApplication using Java 21.0.7 with PID 24776 (C:\WorkSpaces\Medibridge\AllergyService\target\classes started by surje in C:\WorkSpaces\Medibridge\AllergyService)
2025-09-21T12:57:36.952+05:30  INFO 24776 --- [AllergyService] [restartedMain] c.m.pas.AllergyServiceApplication        : The following 1 profile is active: "local"
2025-09-21T12:57:37.225+05:30  INFO 24776 --- [AllergyService] [restartedMain] .s.d.r.c.RepositoryConfigurationDelegate : Bootstrapping Spring Data JPA repositories in DEFAULT mode.
2025-09-21T12:57:37.239+05:30  INFO 24776 --- [AllergyService] [restartedMain] .s.d.r.c.RepositoryConfigurationDelegate : Finished Spring Data repository scanning in 13 ms. Found 1 JPA repository interface.
2025-09-21T12:57:37.376+05:30  INFO 24776 --- [AllergyService] [restartedMain] o.s.b.w.embedded.tomcat.TomcatWebServer  : Tomcat initialized with port 8080 (http)
2025-09-21T12:57:37.377+05:30  INFO 24776 --- [AllergyService] [restartedMain] o.apache.catalina.core.StandardService   : Starting service [Tomcat]
2025-09-21T12:57:37.378+05:30  INFO 24776 --- [AllergyService] [restartedMain] o.apache.catalina.core.StandardEngine    : Starting Servlet engine: [Apache Tomcat/10.1.44]
2025-09-21T12:57:37.417+05:30  INFO 24776 --- [AllergyService] [restartedMain] o.a.c.c.C.[Tomcat].[localhost].[/]       : Initializing Spring embedded WebApplicationContext
2025-09-21T12:57:37.417+05:30  INFO 24776 --- [AllergyService] [restartedMain] w.s.c.ServletWebServerApplicationContext : Root WebApplicationContext: initialization completed in 462 ms
2025-09-21T12:57:37.485+05:30  INFO 24776 --- [AllergyService] [restartedMain] o.s.o.j.p.SpringPersistenceUnitInfo      : No LoadTimeWeaver setup: ignoring JPA class transformer
2025-09-21T12:57:37.486+05:30  INFO 24776 --- [AllergyService] [restartedMain] com.zaxxer.hikari.HikariDataSource       : HikariPool-2 - Starting...
2025-09-21T12:57:37.503+05:30  INFO 24776 --- [AllergyService] [restartedMain] com.zaxxer.hikari.pool.HikariPool        : HikariPool-2 - Added connection com.mysql.cj.jdbc.ConnectionImpl@4dd78b1f
2025-09-21T12:57:37.504+05:30  INFO 24776 --- [AllergyService] [restartedMain] com.zaxxer.hikari.HikariDataSource       : HikariPool-2 - Start completed.
2025-09-21T12:57:37.584+05:30  INFO 24776 --- [AllergyService] [restartedMain] j.LocalContainerEntityManagerFactoryBean : Initialized JPA EntityManagerFactory for persistence unit 'default'
2025-09-21T12:57:37.668+05:30  WARN 24776 --- [AllergyService] [restartedMain] JpaBaseConfiguration$JpaWebConfiguration : spring.jpa.open-in-view is enabled by default. Therefore, database queries may be performed during view rendering. Explicitly configure spring.jpa.open-in-view to disable this warning
2025-09-21T12:57:37.860+05:30  INFO 24776 --- [AllergyService] [restartedMain] r$InitializeUserDetailsManagerConfigurer : Global AuthenticationManager configured with UserDetailsService bean with name userDetailsService
2025-09-21T12:57:37.931+05:30  INFO 24776 --- [AllergyService] [restartedMain] .w.s.a.s.AnnotationActionEndpointMapping : Supporting [WS-Addressing August 2004, WS-Addressing 1.0]
2025-09-21T12:57:37.940+05:30  INFO 24776 --- [AllergyService] [restartedMain] o.s.b.d.a.OptionalLiveReloadServer       : LiveReload server is running on port 35729
2025-09-21T12:57:37.965+05:30  INFO 24776 --- [AllergyService] [restartedMain] o.s.b.w.embedded.tomcat.TomcatWebServer  : Tomcat started on port 8080 (http) with context path '/'
2025-09-21T12:57:37.972+05:30  INFO 24776 --- [AllergyService] [restartedMain] c.m.pas.AllergyServiceApplication        : Started AllergyServiceApplication in 1.091 seconds (process running for 94.59)
2025-09-21T12:57:37.975+05:30  INFO 24776 --- [AllergyService] [restartedMain] .ConditionEvaluationDeltaLoggingListener : Condition evaluation unchanged
2025-09-21T12:57:44.443+05:30  INFO 24776 --- [AllergyService] [http-nio-8080-exec-1] o.a.c.c.C.[Tomcat].[localhost].[/]       : Initializing Spring DispatcherServlet 'dispatcherServlet'
2025-09-21T12:57:44.444+05:30  INFO 24776 --- [AllergyService] [http-nio-8080-exec-1] o.s.web.servlet.DispatcherServlet        : Initializing Servlet 'dispatcherServlet'
2025-09-21T12:57:44.448+05:30  INFO 24776 --- [AllergyService] [http-nio-8080-exec-1] o.s.web.servlet.DispatcherServlet        : Completed initialization in 4 ms
2025-09-21T12:58:03.820+05:30  WARN 24776 --- [AllergyService] [http-nio-8080-exec-2] .w.s.m.s.DefaultHandlerExceptionResolver : Resolved [org.springframework.web.bind.MissingServletRequestParameterException: Required request parameter 'allergyId' for method parameter type String is not present]
2025-09-21T13:00:14.435+05:30  INFO 24776 --- [AllergyService] [File Watcher] rtingClassPathChangeChangedEventListener : Restarting due to 12 class path changes (0 additions, 0 deletions, 12 modifications)
2025-09-21T13:00:14.437+05:30  INFO 24776 --- [AllergyService] [Thread-7] o.s.b.w.e.tomcat.GracefulShutdown        : Commencing graceful shutdown. Waiting for active requests to complete
2025-09-21T13:00:14.448+05:30  INFO 24776 --- [AllergyService] [tomcat-shutdown] o.s.b.w.e.tomcat.GracefulShutdown        : Graceful shutdown complete
2025-09-21T13:00:14.451+05:30  INFO 24776 --- [AllergyService] [Thread-7] j.LocalContainerEntityManagerFactoryBean : Closing JPA EntityManagerFactory for persistence unit 'default'
2025-09-21T13:00:14.478+05:30  INFO 24776 --- [AllergyService] [Thread-7] com.zaxxer.hikari.HikariDataSource       : HikariPool-2 - Shutdown initiated...
2025-09-21T13:00:14.483+05:30  INFO 24776 --- [AllergyService] [Thread-7] com.zaxxer.hikari.HikariDataSource       : HikariPool-2 - Shutdown completed.
2025-09-21T13:00:14.606+05:30  INFO 24776 --- [AllergyService] [restartedMain] c.m.pas.AllergyServiceApplication        : Starting AllergyServiceApplication using Java 21.0.7 with PID 24776 (C:\WorkSpaces\Medibridge\AllergyService\target\classes started by surje in C:\WorkSpaces\Medibridge\AllergyService)
2025-09-21T13:00:14.606+05:30  INFO 24776 --- [AllergyService] [restartedMain] c.m.pas.AllergyServiceApplication        : The following 1 profile is active: "local"
2025-09-21T13:00:14.846+05:30  INFO 24776 --- [AllergyService] [restartedMain] .s.d.r.c.RepositoryConfigurationDelegate : Bootstrapping Spring Data JPA repositories in DEFAULT mode.
2025-09-21T13:00:14.860+05:30  INFO 24776 --- [AllergyService] [restartedMain] .s.d.r.c.RepositoryConfigurationDelegate : Finished Spring Data repository scanning in 12 ms. Found 1 JPA repository interface.
2025-09-21T13:00:14.971+05:30  INFO 24776 --- [AllergyService] [restartedMain] o.s.b.w.embedded.tomcat.TomcatWebServer  : Tomcat initialized with port 8080 (http)
2025-09-21T13:00:14.972+05:30  INFO 24776 --- [AllergyService] [restartedMain] o.apache.catalina.core.StandardService   : Starting service [Tomcat]
2025-09-21T13:00:14.972+05:30  INFO 24776 --- [AllergyService] [restartedMain] o.apache.catalina.core.StandardEngine    : Starting Servlet engine: [Apache Tomcat/10.1.44]
2025-09-21T13:00:15.005+05:30  INFO 24776 --- [AllergyService] [restartedMain] o.a.c.c.C.[Tomcat].[localhost].[/]       : Initializing Spring embedded WebApplicationContext
2025-09-21T13:00:15.005+05:30  INFO 24776 --- [AllergyService] [restartedMain] w.s.c.ServletWebServerApplicationContext : Root WebApplicationContext: initialization completed in 397 ms
2025-09-21T13:00:15.066+05:30  INFO 24776 --- [AllergyService] [restartedMain] o.s.o.j.p.SpringPersistenceUnitInfo      : No LoadTimeWeaver setup: ignoring JPA class transformer
2025-09-21T13:00:15.067+05:30  INFO 24776 --- [AllergyService] [restartedMain] com.zaxxer.hikari.HikariDataSource       : HikariPool-3 - Starting...
2025-09-21T13:00:15.085+05:30  INFO 24776 --- [AllergyService] [restartedMain] com.zaxxer.hikari.pool.HikariPool        : HikariPool-3 - Added connection com.mysql.cj.jdbc.ConnectionImpl@6249ba62
2025-09-21T13:00:15.086+05:30  INFO 24776 --- [AllergyService] [restartedMain] com.zaxxer.hikari.HikariDataSource       : HikariPool-3 - Start completed.
2025-09-21T13:00:15.162+05:30  INFO 24776 --- [AllergyService] [restartedMain] j.LocalContainerEntityManagerFactoryBean : Initialized JPA EntityManagerFactory for persistence unit 'default'
2025-09-21T13:00:15.215+05:30  WARN 24776 --- [AllergyService] [restartedMain] JpaBaseConfiguration$JpaWebConfiguration : spring.jpa.open-in-view is enabled by default. Therefore, database queries may be performed during view rendering. Explicitly configure spring.jpa.open-in-view to disable this warning
2025-09-21T13:00:15.346+05:30  INFO 24776 --- [AllergyService] [restartedMain] r$InitializeUserDetailsManagerConfigurer : Global AuthenticationManager configured with UserDetailsService bean with name userDetailsService
2025-09-21T13:00:15.408+05:30  INFO 24776 --- [AllergyService] [restartedMain] .w.s.a.s.AnnotationActionEndpointMapping : Supporting [WS-Addressing August 2004, WS-Addressing 1.0]
2025-09-21T13:00:15.419+05:30  INFO 24776 --- [AllergyService] [restartedMain] o.s.b.d.a.OptionalLiveReloadServer       : LiveReload server is running on port 35729
2025-09-21T13:00:15.440+05:30  INFO 24776 --- [AllergyService] [restartedMain] o.s.b.w.embedded.tomcat.TomcatWebServer  : Tomcat started on port 8080 (http) with context path '/'
2025-09-21T13:00:15.444+05:30  INFO 24776 --- [AllergyService] [restartedMain] c.m.pas.AllergyServiceApplication        : Started AllergyServiceApplication in 0.881 seconds (process running for 252.063)
2025-09-21T13:00:15.446+05:30  INFO 24776 --- [AllergyService] [restartedMain] .ConditionEvaluationDeltaLoggingListener : Condition evaluation unchanged
2025-09-21T13:00:16.014+05:30  INFO 24776 --- [AllergyService] [RMI TCP Connection(18)-127.0.0.1] inMXBeanRegistrar$SpringApplicationAdmin : Application shutdown requested.
2025-09-21T13:00:16.017+05:30  INFO 24776 --- [AllergyService] [RMI TCP Connection(18)-127.0.0.1] o.s.b.w.e.tomcat.GracefulShutdown        : Commencing graceful shutdown. Waiting for active requests to complete
2025-09-21T13:00:16.026+05:30  INFO 24776 --- [AllergyService] [tomcat-shutdown] o.s.b.w.e.tomcat.GracefulShutdown        : Graceful shutdown complete
2025-09-21T13:00:16.028+05:30  INFO 24776 --- [AllergyService] [RMI TCP Connection(18)-127.0.0.1] j.LocalContainerEntityManagerFactoryBean : Closing JPA EntityManagerFactory for persistence unit 'default'
2025-09-21T13:00:16.049+05:30  INFO 24776 --- [AllergyService] [RMI TCP Connection(18)-127.0.0.1] com.zaxxer.hikari.HikariDataSource       : HikariPool-3 - Shutdown initiated...
2025-09-21T13:00:16.052+05:30  INFO 24776 --- [AllergyService] [RMI TCP Connection(18)-127.0.0.1] com.zaxxer.hikari.HikariDataSource       : HikariPool-3 - Shutdown completed.
2025-09-21T13:01:50.133+05:30  INFO 25244 --- [AllergyService] [restartedMain] c.m.pas.AllergyServiceApplication        : Starting AllergyServiceApplication using Java 21.0.7 with PID 25244 (C:\WorkSpaces\Medibridge\AllergyService\target\classes started by surje in C:\WorkSpaces\Medibridge\AllergyService)
2025-09-21T13:01:50.135+05:30  INFO 25244 --- [AllergyService] [restartedMain] c.m.pas.AllergyServiceApplication        : The following 1 profile is active: "local"
2025-09-21T13:01:50.189+05:30  INFO 25244 --- [AllergyService] [restartedMain] .e.DevToolsPropertyDefaultsPostProcessor : Devtools property defaults active! Set 'spring.devtools.add-properties' to 'false' to disable
2025-09-21T13:01:50.189+05:30  INFO 25244 --- [AllergyService] [restartedMain] .e.DevToolsPropertyDefaultsPostProcessor : For additional web related logging consider setting the 'logging.level.web' property to 'DEBUG'
2025-09-21T13:01:50.910+05:30  INFO 25244 --- [AllergyService] [restartedMain] .s.d.r.c.RepositoryConfigurationDelegate : Bootstrapping Spring Data JPA repositories in DEFAULT mode.
2025-09-21T13:01:50.965+05:30  INFO 25244 --- [AllergyService] [restartedMain] .s.d.r.c.RepositoryConfigurationDelegate : Finished Spring Data repository scanning in 45 ms. Found 1 JPA repository interface.
2025-09-21T13:01:51.489+05:30  INFO 25244 --- [AllergyService] [restartedMain] o.s.b.w.embedded.tomcat.TomcatWebServer  : Tomcat initialized with port 8080 (http)
2025-09-21T13:01:51.500+05:30  INFO 25244 --- [AllergyService] [restartedMain] o.apache.catalina.core.StandardService   : Starting service [Tomcat]
2025-09-21T13:01:51.501+05:30  INFO 25244 --- [AllergyService] [restartedMain] o.apache.catalina.core.StandardEngine    : Starting Servlet engine: [Apache Tomcat/10.1.44]
2025-09-21T13:01:51.555+05:30  INFO 25244 --- [AllergyService] [restartedMain] o.a.c.c.C.[Tomcat].[localhost].[/]       : Initializing Spring embedded WebApplicationContext
2025-09-21T13:01:51.556+05:30  INFO 25244 --- [AllergyService] [restartedMain] w.s.c.ServletWebServerApplicationContext : Root WebApplicationContext: initialization completed in 1365 ms
2025-09-21T13:01:52.097+05:30  INFO 25244 --- [AllergyService] [restartedMain] o.s.o.j.p.SpringPersistenceUnitInfo      : No LoadTimeWeaver setup: ignoring JPA class transformer
2025-09-21T13:01:52.127+05:30  INFO 25244 --- [AllergyService] [restartedMain] com.zaxxer.hikari.HikariDataSource       : HikariPool-1 - Starting...
2025-09-21T13:01:52.451+05:30  INFO 25244 --- [AllergyService] [restartedMain] com.zaxxer.hikari.pool.HikariPool        : HikariPool-1 - Added connection com.mysql.cj.jdbc.ConnectionImpl@22478227
2025-09-21T13:01:52.452+05:30  INFO 25244 --- [AllergyService] [restartedMain] com.zaxxer.hikari.HikariDataSource       : HikariPool-1 - Start completed.
2025-09-21T13:01:53.693+05:30  INFO 25244 --- [AllergyService] [restartedMain] j.LocalContainerEntityManagerFactoryBean : Initialized JPA EntityManagerFactory for persistence unit 'default'
2025-09-21T13:01:54.000+05:30  WARN 25244 --- [AllergyService] [restartedMain] JpaBaseConfiguration$JpaWebConfiguration : spring.jpa.open-in-view is enabled by default. Therefore, database queries may be performed during view rendering. Explicitly configure spring.jpa.open-in-view to disable this warning
2025-09-21T13:01:54.243+05:30  INFO 25244 --- [AllergyService] [restartedMain] r$InitializeUserDetailsManagerConfigurer : Global AuthenticationManager configured with UserDetailsService bean with name userDetailsService
2025-09-21T13:01:54.556+05:30  INFO 25244 --- [AllergyService] [restartedMain] .w.s.a.s.AnnotationActionEndpointMapping : Supporting [WS-Addressing August 2004, WS-Addressing 1.0]
2025-09-21T13:01:54.587+05:30  INFO 25244 --- [AllergyService] [restartedMain] o.s.b.d.a.OptionalLiveReloadServer       : LiveReload server is running on port 35729
2025-09-21T13:01:54.630+05:30  INFO 25244 --- [AllergyService] [restartedMain] o.s.b.w.embedded.tomcat.TomcatWebServer  : Tomcat started on port 8080 (http) with context path '/'
2025-09-21T13:01:54.639+05:30  INFO 25244 --- [AllergyService] [restartedMain] c.m.pas.AllergyServiceApplication        : Started AllergyServiceApplication in 4.922 seconds (process running for 10.153)
2025-09-21T13:05:08.232+05:30  INFO 25244 --- [AllergyService] [http-nio-8080-exec-1] o.a.c.c.C.[Tomcat].[localhost].[/]       : Initializing Spring DispatcherServlet 'dispatcherServlet'
2025-09-21T13:05:08.232+05:30  INFO 25244 --- [AllergyService] [http-nio-8080-exec-1] o.s.web.servlet.DispatcherServlet        : Initializing Servlet 'dispatcherServlet'
2025-09-21T13:05:08.232+05:30  INFO 25244 --- [AllergyService] [http-nio-8080-exec-1] o.s.web.servlet.DispatcherServlet        : Completed initialization in 0 ms
2025-09-21T13:10:38.666+05:30  INFO 25244 --- [AllergyService] [File Watcher] rtingClassPathChangeChangedEventListener : Restarting due to 1 class path change (0 additions, 0 deletions, 1 modification)
2025-09-21T13:10:38.670+05:30  INFO 25244 --- [AllergyService] [Thread-5] o.s.b.w.e.tomcat.GracefulShutdown        : Commencing graceful shutdown. Waiting for active requests to complete
2025-09-21T13:10:38.680+05:30  INFO 25244 --- [AllergyService] [tomcat-shutdown] o.s.b.w.e.tomcat.GracefulShutdown        : Graceful shutdown complete
2025-09-21T13:10:38.686+05:30  INFO 25244 --- [AllergyService] [Thread-5] j.LocalContainerEntityManagerFactoryBean : Closing JPA EntityManagerFactory for persistence unit 'default'
2025-09-21T13:10:38.712+05:30  INFO 25244 --- [AllergyService] [Thread-5] com.zaxxer.hikari.HikariDataSource       : HikariPool-1 - Shutdown initiated...
2025-09-21T13:10:38.724+05:30  INFO 25244 --- [AllergyService] [Thread-5] com.zaxxer.hikari.HikariDataSource       : HikariPool-1 - Shutdown completed.
2025-09-21T13:10:38.869+05:30  INFO 25244 --- [AllergyService] [restartedMain] c.m.pas.AllergyServiceApplication        : Starting AllergyServiceApplication using Java 21.0.7 with PID 25244 (C:\WorkSpaces\Medibridge\AllergyService\target\classes started by surje in C:\WorkSpaces\Medibridge\AllergyService)
2025-09-21T13:10:38.869+05:30  INFO 25244 --- [AllergyService] [restartedMain] c.m.pas.AllergyServiceApplication        : The following 1 profile is active: "local"
2025-09-21T13:10:39.265+05:30  WARN 25244 --- [AllergyService] [restartedMain] ConfigServletWebServerApplicationContext : Exception encountered during context initialization - cancelling refresh attempt: java.lang.TypeNotPresentException: Type javax.servlet.http.HttpServletRequest not present
2025-09-21T13:10:39.269+05:30  INFO 25244 --- [AllergyService] [restartedMain] .s.b.a.l.ConditionEvaluationReportLogger : 

Error starting ApplicationContext. To display the condition evaluation report re-run your application with 'debug' enabled.
2025-09-21T13:10:39.309+05:30 ERROR 25244 --- [AllergyService] [restartedMain] o.s.boot.SpringApplication               : Application run failed

java.lang.TypeNotPresentException: Type javax.servlet.http.HttpServletRequest not present
	at java.base/sun.reflect.generics.factory.CoreReflectionFactory.makeNamedType(CoreReflectionFactory.java:117) ~[na:na]
	at java.base/sun.reflect.generics.visitor.Reifier.visitClassTypeSignature(Reifier.java:125) ~[na:na]
	at java.base/sun.reflect.generics.tree.ClassTypeSignature.accept(ClassTypeSignature.java:49) ~[na:na]
	at java.base/sun.reflect.generics.visitor.Reifier.reifyTypeArguments(Reifier.java:68) ~[na:na]
	at java.base/sun.reflect.generics.visitor.Reifier.visitClassTypeSignature(Reifier.java:138) ~[na:na]
	at java.base/sun.reflect.generics.tree.ClassTypeSignature.accept(ClassTypeSignature.java:49) ~[na:na]
	at java.base/sun.reflect.generics.repository.ClassRepository.computeSuperInterfaces(ClassRepository.java:117) ~[na:na]
	at java.base/sun.reflect.generics.repository.ClassRepository.getSuperInterfaces(ClassRepository.java:95) ~[na:na]
	at java.base/java.lang.Class.getGenericInterfaces(Class.java:1296) ~[na:na]
	at org.springframework.core.ResolvableType.getInterfaces(ResolvableType.java:553) ~[spring-core-6.2.10.jar:6.2.10]
	at org.springframework.core.ResolvableType.as(ResolvableType.java:501) ~[spring-core-6.2.10.jar:6.2.10]
	at org.springframework.core.ResolvableType.forClass(ResolvableType.java:1157) ~[spring-core-6.2.10.jar:6.2.10]
	at org.springframework.plugin.core.config.PluginRegistriesBeanDefinitionRegistrar.getTargetType(PluginRegistriesBeanDefinitionRegistrar.java:101) ~[spring-plugin-core-2.0.0.RELEASE.jar:2.0.0.RELEASE]
	at org.springframework.plugin.core.config.PluginRegistriesBeanDefinitionRegistrar.registerBeanDefinitions(PluginRegistriesBeanDefinitionRegistrar.java:71) ~[spring-plugin-core-2.0.0.RELEASE.jar:2.0.0.RELEASE]
	at org.springframework.context.annotation.ImportBeanDefinitionRegistrar.registerBeanDefinitions(ImportBeanDefinitionRegistrar.java:86) ~[spring-context-6.2.10.jar:6.2.10]
	at org.springframework.context.annotation.ConfigurationClassBeanDefinitionReader.lambda$loadBeanDefinitionsFromRegistrars$1(ConfigurationClassBeanDefinitionReader.java:401) ~[spring-context-6.2.10.jar:6.2.10]
	at java.base/java.util.LinkedHashMap.forEach(LinkedHashMap.java:986) ~[na:na]
	at org.springframework.context.annotation.ConfigurationClassBeanDefinitionReader.loadBeanDefinitionsFromRegistrars(ConfigurationClassBeanDefinitionReader.java:400) ~[spring-context-6.2.10.jar:6.2.10]
	at org.springframework.context.annotation.ConfigurationClassBeanDefinitionReader.loadBeanDefinitionsForConfigurationClass(ConfigurationClassBeanDefinitionReader.java:148) ~[spring-context-6.2.10.jar:6.2.10]
	at org.springframework.context.annotation.ConfigurationClassBeanDefinitionReader.loadBeanDefinitions(ConfigurationClassBeanDefinitionReader.java:120) ~[spring-context-6.2.10.jar:6.2.10]
	at org.springframework.context.annotation.ConfigurationClassPostProcessor.processConfigBeanDefinitions(ConfigurationClassPostProcessor.java:430) ~[spring-context-6.2.10.jar:6.2.10]
	at org.springframework.context.annotation.ConfigurationClassPostProcessor.postProcessBeanDefinitionRegistry(ConfigurationClassPostProcessor.java:290) ~[spring-context-6.2.10.jar:6.2.10]
	at org.springframework.context.support.PostProcessorRegistrationDelegate.invokeBeanDefinitionRegistryPostProcessors(PostProcessorRegistrationDelegate.java:349) ~[spring-context-6.2.10.jar:6.2.10]
	at org.springframework.context.support.PostProcessorRegistrationDelegate.invokeBeanFactoryPostProcessors(PostProcessorRegistrationDelegate.java:118) ~[spring-context-6.2.10.jar:6.2.10]
	at org.springframework.context.support.AbstractApplicationContext.invokeBeanFactoryPostProcessors(AbstractApplicationContext.java:791) ~[spring-context-6.2.10.jar:6.2.10]
	at org.springframework.context.support.AbstractApplicationContext.refresh(AbstractApplicationContext.java:609) ~[spring-context-6.2.10.jar:6.2.10]
	at org.springframework.boot.web.servlet.context.ServletWebServerApplicationContext.refresh(ServletWebServerApplicationContext.java:146) ~[spring-boot-3.5.5.jar:3.5.5]
	at org.springframework.boot.SpringApplication.refresh(SpringApplication.java:752) ~[spring-boot-3.5.5.jar:3.5.5]
	at org.springframework.boot.SpringApplication.refreshContext(SpringApplication.java:439) ~[spring-boot-3.5.5.jar:3.5.5]
	at org.springframework.boot.SpringApplication.run(SpringApplication.java:318) ~[spring-boot-3.5.5.jar:3.5.5]
	at org.springframework.boot.SpringApplication.run(SpringApplication.java:1361) ~[spring-boot-3.5.5.jar:3.5.5]
	at org.springframework.boot.SpringApplication.run(SpringApplication.java:1350) ~[spring-boot-3.5.5.jar:3.5.5]
	at com.medibridge.pas.AllergyServiceApplication.main(AllergyServiceApplication.java:13) ~[classes/:na]
	at java.base/jdk.internal.reflect.DirectMethodHandleAccessor.invoke(DirectMethodHandleAccessor.java:103) ~[na:na]
	at java.base/java.lang.reflect.Method.invoke(Method.java:580) ~[na:na]
	at org.springframework.boot.devtools.restart.RestartLauncher.run(RestartLauncher.java:50) ~[spring-boot-devtools-3.5.5.jar:3.5.5]
Caused by: java.lang.ClassNotFoundException: javax.servlet.http.HttpServletRequest
	at java.base/jdk.internal.loader.BuiltinClassLoader.loadClass(BuiltinClassLoader.java:641) ~[na:na]
	at java.base/jdk.internal.loader.ClassLoaders$AppClassLoader.loadClass(ClassLoaders.java:188) ~[na:na]
	at java.base/java.lang.ClassLoader.loadClass(ClassLoader.java:526) ~[na:na]
	at java.base/java.lang.Class.forName0(Native Method) ~[na:na]
	at java.base/java.lang.Class.forName(Class.java:534) ~[na:na]
	at java.base/java.lang.Class.forName(Class.java:513) ~[na:na]
	at java.base/sun.reflect.generics.factory.CoreReflectionFactory.makeNamedType(CoreReflectionFactory.java:114) ~[na:na]
	... 35 common frames omitted

2025-09-21T13:14:45.211+05:30  INFO 29140 --- [AllergyService] [restartedMain] c.m.pas.AllergyServiceApplication        : Starting AllergyServiceApplication using Java 21.0.7 with PID 29140 (C:\WorkSpaces\Medibridge\AllergyService\target\classes started by surje in C:\WorkSpaces\Medibridge\AllergyService)
2025-09-21T13:14:45.213+05:30  INFO 29140 --- [AllergyService] [restartedMain] c.m.pas.AllergyServiceApplication        : The following 1 profile is active: "local"
2025-09-21T13:14:45.290+05:30  INFO 29140 --- [AllergyService] [restartedMain] .e.DevToolsPropertyDefaultsPostProcessor : Devtools property defaults active! Set 'spring.devtools.add-properties' to 'false' to disable
2025-09-21T13:14:45.292+05:30  INFO 29140 --- [AllergyService] [restartedMain] .e.DevToolsPropertyDefaultsPostProcessor : For additional web related logging consider setting the 'logging.level.web' property to 'DEBUG'
2025-09-21T13:14:46.046+05:30  WARN 29140 --- [AllergyService] [restartedMain] ConfigServletWebServerApplicationContext : Exception encountered during context initialization - cancelling refresh attempt: java.lang.TypeNotPresentException: Type javax.servlet.http.HttpServletRequest not present
2025-09-21T13:14:46.053+05:30  INFO 29140 --- [AllergyService] [restartedMain] .s.b.a.l.ConditionEvaluationReportLogger : 

Error starting ApplicationContext. To display the condition evaluation report re-run your application with 'debug' enabled.
2025-09-21T13:14:46.078+05:30 ERROR 29140 --- [AllergyService] [restartedMain] o.s.boot.SpringApplication               : Application run failed

java.lang.TypeNotPresentException: Type javax.servlet.http.HttpServletRequest not present
	at java.base/sun.reflect.generics.factory.CoreReflectionFactory.makeNamedType(CoreReflectionFactory.java:117) ~[na:na]
	at java.base/sun.reflect.generics.visitor.Reifier.visitClassTypeSignature(Reifier.java:125) ~[na:na]
	at java.base/sun.reflect.generics.tree.ClassTypeSignature.accept(ClassTypeSignature.java:49) ~[na:na]
	at java.base/sun.reflect.generics.visitor.Reifier.reifyTypeArguments(Reifier.java:68) ~[na:na]
	at java.base/sun.reflect.generics.visitor.Reifier.visitClassTypeSignature(Reifier.java:138) ~[na:na]
	at java.base/sun.reflect.generics.tree.ClassTypeSignature.accept(ClassTypeSignature.java:49) ~[na:na]
	at java.base/sun.reflect.generics.repository.ClassRepository.computeSuperInterfaces(ClassRepository.java:117) ~[na:na]
	at java.base/sun.reflect.generics.repository.ClassRepository.getSuperInterfaces(ClassRepository.java:95) ~[na:na]
	at java.base/java.lang.Class.getGenericInterfaces(Class.java:1296) ~[na:na]
	at org.springframework.core.ResolvableType.getInterfaces(ResolvableType.java:553) ~[spring-core-6.2.10.jar:6.2.10]
	at org.springframework.core.ResolvableType.as(ResolvableType.java:501) ~[spring-core-6.2.10.jar:6.2.10]
	at org.springframework.core.ResolvableType.forClass(ResolvableType.java:1157) ~[spring-core-6.2.10.jar:6.2.10]
	at org.springframework.plugin.core.config.PluginRegistriesBeanDefinitionRegistrar.getTargetType(PluginRegistriesBeanDefinitionRegistrar.java:101) ~[spring-plugin-core-2.0.0.RELEASE.jar:2.0.0.RELEASE]
	at org.springframework.plugin.core.config.PluginRegistriesBeanDefinitionRegistrar.registerBeanDefinitions(PluginRegistriesBeanDefinitionRegistrar.java:71) ~[spring-plugin-core-2.0.0.RELEASE.jar:2.0.0.RELEASE]
	at org.springframework.context.annotation.ImportBeanDefinitionRegistrar.registerBeanDefinitions(ImportBeanDefinitionRegistrar.java:86) ~[spring-context-6.2.10.jar:6.2.10]
	at org.springframework.context.annotation.ConfigurationClassBeanDefinitionReader.lambda$loadBeanDefinitionsFromRegistrars$1(ConfigurationClassBeanDefinitionReader.java:401) ~[spring-context-6.2.10.jar:6.2.10]
	at java.base/java.util.LinkedHashMap.forEach(LinkedHashMap.java:986) ~[na:na]
	at org.springframework.context.annotation.ConfigurationClassBeanDefinitionReader.loadBeanDefinitionsFromRegistrars(ConfigurationClassBeanDefinitionReader.java:400) ~[spring-context-6.2.10.jar:6.2.10]
	at org.springframework.context.annotation.ConfigurationClassBeanDefinitionReader.loadBeanDefinitionsForConfigurationClass(ConfigurationClassBeanDefinitionReader.java:148) ~[spring-context-6.2.10.jar:6.2.10]
	at org.springframework.context.annotation.ConfigurationClassBeanDefinitionReader.loadBeanDefinitions(ConfigurationClassBeanDefinitionReader.java:120) ~[spring-context-6.2.10.jar:6.2.10]
	at org.springframework.context.annotation.ConfigurationClassPostProcessor.processConfigBeanDefinitions(ConfigurationClassPostProcessor.java:430) ~[spring-context-6.2.10.jar:6.2.10]
	at org.springframework.context.annotation.ConfigurationClassPostProcessor.postProcessBeanDefinitionRegistry(ConfigurationClassPostProcessor.java:290) ~[spring-context-6.2.10.jar:6.2.10]
	at org.springframework.context.support.PostProcessorRegistrationDelegate.invokeBeanDefinitionRegistryPostProcessors(PostProcessorRegistrationDelegate.java:349) ~[spring-context-6.2.10.jar:6.2.10]
	at org.springframework.context.support.PostProcessorRegistrationDelegate.invokeBeanFactoryPostProcessors(PostProcessorRegistrationDelegate.java:118) ~[spring-context-6.2.10.jar:6.2.10]
	at org.springframework.context.support.AbstractApplicationContext.invokeBeanFactoryPostProcessors(AbstractApplicationContext.java:791) ~[spring-context-6.2.10.jar:6.2.10]
	at org.springframework.context.support.AbstractApplicationContext.refresh(AbstractApplicationContext.java:609) ~[spring-context-6.2.10.jar:6.2.10]
	at org.springframework.boot.web.servlet.context.ServletWebServerApplicationContext.refresh(ServletWebServerApplicationContext.java:146) ~[spring-boot-3.5.5.jar:3.5.5]
	at org.springframework.boot.SpringApplication.refresh(SpringApplication.java:752) ~[spring-boot-3.5.5.jar:3.5.5]
	at org.springframework.boot.SpringApplication.refreshContext(SpringApplication.java:439) ~[spring-boot-3.5.5.jar:3.5.5]
	at org.springframework.boot.SpringApplication.run(SpringApplication.java:318) ~[spring-boot-3.5.5.jar:3.5.5]
	at org.springframework.boot.SpringApplication.run(SpringApplication.java:1361) ~[spring-boot-3.5.5.jar:3.5.5]
	at org.springframework.boot.SpringApplication.run(SpringApplication.java:1350) ~[spring-boot-3.5.5.jar:3.5.5]
	at com.medibridge.pas.AllergyServiceApplication.main(AllergyServiceApplication.java:13) ~[classes/:na]
	at java.base/jdk.internal.reflect.DirectMethodHandleAccessor.invoke(DirectMethodHandleAccessor.java:103) ~[na:na]
	at java.base/java.lang.reflect.Method.invoke(Method.java:580) ~[na:na]
	at org.springframework.boot.devtools.restart.RestartLauncher.run(RestartLauncher.java:50) ~[spring-boot-devtools-3.5.5.jar:3.5.5]
Caused by: java.lang.ClassNotFoundException: javax.servlet.http.HttpServletRequest
	at java.base/jdk.internal.loader.BuiltinClassLoader.loadClass(BuiltinClassLoader.java:641) ~[na:na]
	at java.base/jdk.internal.loader.ClassLoaders$AppClassLoader.loadClass(ClassLoaders.java:188) ~[na:na]
	at java.base/java.lang.ClassLoader.loadClass(ClassLoader.java:526) ~[na:na]
	at java.base/java.lang.Class.forName0(Native Method) ~[na:na]
	at java.base/java.lang.Class.forName(Class.java:534) ~[na:na]
	at java.base/java.lang.Class.forName(Class.java:513) ~[na:na]
	at java.base/sun.reflect.generics.factory.CoreReflectionFactory.makeNamedType(CoreReflectionFactory.java:114) ~[na:na]
	... 35 common frames omitted

2025-09-21T13:18:52.644+05:30  INFO 48696 --- [AllergyService] [restartedMain] c.m.pas.AllergyServiceApplication        : Starting AllergyServiceApplication using Java 21.0.7 with PID 48696 (C:\WorkSpaces\Medibridge\AllergyService\target\classes started by surje in C:\WorkSpaces\Medibridge\AllergyService)
2025-09-21T13:18:52.647+05:30  INFO 48696 --- [AllergyService] [restartedMain] c.m.pas.AllergyServiceApplication        : The following 1 profile is active: "local"
2025-09-21T13:18:52.705+05:30  INFO 48696 --- [AllergyService] [restartedMain] .e.DevToolsPropertyDefaultsPostProcessor : Devtools property defaults active! Set 'spring.devtools.add-properties' to 'false' to disable
2025-09-21T13:18:52.706+05:30  INFO 48696 --- [AllergyService] [restartedMain] .e.DevToolsPropertyDefaultsPostProcessor : For additional web related logging consider setting the 'logging.level.web' property to 'DEBUG'
2025-09-21T13:18:53.601+05:30  WARN 48696 --- [AllergyService] [restartedMain] ConfigServletWebServerApplicationContext : Exception encountered during context initialization - cancelling refresh attempt: java.lang.TypeNotPresentException: Type javax.servlet.http.HttpServletRequest not present
2025-09-21T13:18:53.609+05:30  INFO 48696 --- [AllergyService] [restartedMain] .s.b.a.l.ConditionEvaluationReportLogger : 

Error starting ApplicationContext. To display the condition evaluation report re-run your application with 'debug' enabled.
2025-09-21T13:18:53.638+05:30 ERROR 48696 --- [AllergyService] [restartedMain] o.s.boot.SpringApplication               : Application run failed

java.lang.TypeNotPresentException: Type javax.servlet.http.HttpServletRequest not present
	at java.base/sun.reflect.generics.factory.CoreReflectionFactory.makeNamedType(CoreReflectionFactory.java:117) ~[na:na]
	at java.base/sun.reflect.generics.visitor.Reifier.visitClassTypeSignature(Reifier.java:125) ~[na:na]
	at java.base/sun.reflect.generics.tree.ClassTypeSignature.accept(ClassTypeSignature.java:49) ~[na:na]
	at java.base/sun.reflect.generics.visitor.Reifier.reifyTypeArguments(Reifier.java:68) ~[na:na]
	at java.base/sun.reflect.generics.visitor.Reifier.visitClassTypeSignature(Reifier.java:138) ~[na:na]
	at java.base/sun.reflect.generics.tree.ClassTypeSignature.accept(ClassTypeSignature.java:49) ~[na:na]
	at java.base/sun.reflect.generics.repository.ClassRepository.computeSuperInterfaces(ClassRepository.java:117) ~[na:na]
	at java.base/sun.reflect.generics.repository.ClassRepository.getSuperInterfaces(ClassRepository.java:95) ~[na:na]
	at java.base/java.lang.Class.getGenericInterfaces(Class.java:1296) ~[na:na]
	at org.springframework.core.ResolvableType.getInterfaces(ResolvableType.java:553) ~[spring-core-6.2.10.jar:6.2.10]
	at org.springframework.core.ResolvableType.as(ResolvableType.java:501) ~[spring-core-6.2.10.jar:6.2.10]
	at org.springframework.core.ResolvableType.forClass(ResolvableType.java:1157) ~[spring-core-6.2.10.jar:6.2.10]
	at org.springframework.plugin.core.config.PluginRegistriesBeanDefinitionRegistrar.getTargetType(PluginRegistriesBeanDefinitionRegistrar.java:101) ~[spring-plugin-core-2.0.0.RELEASE.jar:2.0.0.RELEASE]
	at org.springframework.plugin.core.config.PluginRegistriesBeanDefinitionRegistrar.registerBeanDefinitions(PluginRegistriesBeanDefinitionRegistrar.java:71) ~[spring-plugin-core-2.0.0.RELEASE.jar:2.0.0.RELEASE]
	at org.springframework.context.annotation.ImportBeanDefinitionRegistrar.registerBeanDefinitions(ImportBeanDefinitionRegistrar.java:86) ~[spring-context-6.2.10.jar:6.2.10]
	at org.springframework.context.annotation.ConfigurationClassBeanDefinitionReader.lambda$loadBeanDefinitionsFromRegistrars$1(ConfigurationClassBeanDefinitionReader.java:401) ~[spring-context-6.2.10.jar:6.2.10]
	at java.base/java.util.LinkedHashMap.forEach(LinkedHashMap.java:986) ~[na:na]
	at org.springframework.context.annotation.ConfigurationClassBeanDefinitionReader.loadBeanDefinitionsFromRegistrars(ConfigurationClassBeanDefinitionReader.java:400) ~[spring-context-6.2.10.jar:6.2.10]
	at org.springframework.context.annotation.ConfigurationClassBeanDefinitionReader.loadBeanDefinitionsForConfigurationClass(ConfigurationClassBeanDefinitionReader.java:148) ~[spring-context-6.2.10.jar:6.2.10]
	at org.springframework.context.annotation.ConfigurationClassBeanDefinitionReader.loadBeanDefinitions(ConfigurationClassBeanDefinitionReader.java:120) ~[spring-context-6.2.10.jar:6.2.10]
	at org.springframework.context.annotation.ConfigurationClassPostProcessor.processConfigBeanDefinitions(ConfigurationClassPostProcessor.java:430) ~[spring-context-6.2.10.jar:6.2.10]
	at org.springframework.context.annotation.ConfigurationClassPostProcessor.postProcessBeanDefinitionRegistry(ConfigurationClassPostProcessor.java:290) ~[spring-context-6.2.10.jar:6.2.10]
	at org.springframework.context.support.PostProcessorRegistrationDelegate.invokeBeanDefinitionRegistryPostProcessors(PostProcessorRegistrationDelegate.java:349) ~[spring-context-6.2.10.jar:6.2.10]
	at org.springframework.context.support.PostProcessorRegistrationDelegate.invokeBeanFactoryPostProcessors(PostProcessorRegistrationDelegate.java:118) ~[spring-context-6.2.10.jar:6.2.10]
	at org.springframework.context.support.AbstractApplicationContext.invokeBeanFactoryPostProcessors(AbstractApplicationContext.java:791) ~[spring-context-6.2.10.jar:6.2.10]
	at org.springframework.context.support.AbstractApplicationContext.refresh(AbstractApplicationContext.java:609) ~[spring-context-6.2.10.jar:6.2.10]
	at org.springframework.boot.web.servlet.context.ServletWebServerApplicationContext.refresh(ServletWebServerApplicationContext.java:146) ~[spring-boot-3.5.5.jar:3.5.5]
	at org.springframework.boot.SpringApplication.refresh(SpringApplication.java:752) ~[spring-boot-3.5.5.jar:3.5.5]
	at org.springframework.boot.SpringApplication.refreshContext(SpringApplication.java:439) ~[spring-boot-3.5.5.jar:3.5.5]
	at org.springframework.boot.SpringApplication.run(SpringApplication.java:318) ~[spring-boot-3.5.5.jar:3.5.5]
	at org.springframework.boot.SpringApplication.run(SpringApplication.java:1361) ~[spring-boot-3.5.5.jar:3.5.5]
	at org.springframework.boot.SpringApplication.run(SpringApplication.java:1350) ~[spring-boot-3.5.5.jar:3.5.5]
	at com.medibridge.pas.AllergyServiceApplication.main(AllergyServiceApplication.java:13) ~[classes/:na]
	at java.base/jdk.internal.reflect.DirectMethodHandleAccessor.invoke(DirectMethodHandleAccessor.java:103) ~[na:na]
	at java.base/java.lang.reflect.Method.invoke(Method.java:580) ~[na:na]
	at org.springframework.boot.devtools.restart.RestartLauncher.run(RestartLauncher.java:50) ~[spring-boot-devtools-3.5.5.jar:3.5.5]
Caused by: java.lang.ClassNotFoundException: javax.servlet.http.HttpServletRequest
	at java.base/jdk.internal.loader.BuiltinClassLoader.loadClass(BuiltinClassLoader.java:641) ~[na:na]
	at java.base/jdk.internal.loader.ClassLoaders$AppClassLoader.loadClass(ClassLoaders.java:188) ~[na:na]
	at java.base/java.lang.ClassLoader.loadClass(ClassLoader.java:526) ~[na:na]
	at java.base/java.lang.Class.forName0(Native Method) ~[na:na]
	at java.base/java.lang.Class.forName(Class.java:534) ~[na:na]
	at java.base/java.lang.Class.forName(Class.java:513) ~[na:na]
	at java.base/sun.reflect.generics.factory.CoreReflectionFactory.makeNamedType(CoreReflectionFactory.java:114) ~[na:na]
	... 35 common frames omitted

2025-09-21T13:20:53.663+05:30  INFO 48024 --- [AllergyService] [restartedMain] c.m.pas.AllergyServiceApplication        : Starting AllergyServiceApplication using Java 21.0.7 with PID 48024 (C:\WorkSpaces\Medibridge\AllergyService\target\classes started by surje in C:\WorkSpaces\Medibridge\AllergyService)
2025-09-21T13:20:53.665+05:30  INFO 48024 --- [AllergyService] [restartedMain] c.m.pas.AllergyServiceApplication        : The following 1 profile is active: "local"
2025-09-21T13:20:53.725+05:30  INFO 48024 --- [AllergyService] [restartedMain] .e.DevToolsPropertyDefaultsPostProcessor : Devtools property defaults active! Set 'spring.devtools.add-properties' to 'false' to disable
2025-09-21T13:20:53.726+05:30  INFO 48024 --- [AllergyService] [restartedMain] .e.DevToolsPropertyDefaultsPostProcessor : For additional web related logging consider setting the 'logging.level.web' property to 'DEBUG'
2025-09-21T13:20:54.530+05:30  INFO 48024 --- [AllergyService] [restartedMain] .s.d.r.c.RepositoryConfigurationDelegate : Bootstrapping Spring Data JPA repositories in DEFAULT mode.
2025-09-21T13:20:54.595+05:30  INFO 48024 --- [AllergyService] [restartedMain] .s.d.r.c.RepositoryConfigurationDelegate : Finished Spring Data repository scanning in 54 ms. Found 1 JPA repository interface.
2025-09-21T13:20:55.151+05:30  INFO 48024 --- [AllergyService] [restartedMain] o.s.b.w.embedded.tomcat.TomcatWebServer  : Tomcat initialized with port 8080 (http)
2025-09-21T13:20:55.169+05:30  INFO 48024 --- [AllergyService] [restartedMain] o.apache.catalina.core.StandardService   : Starting service [Tomcat]
2025-09-21T13:20:55.169+05:30  INFO 48024 --- [AllergyService] [restartedMain] o.apache.catalina.core.StandardEngine    : Starting Servlet engine: [Apache Tomcat/10.1.44]
2025-09-21T13:20:55.264+05:30  INFO 48024 --- [AllergyService] [restartedMain] o.a.c.c.C.[Tomcat].[localhost].[/]       : Initializing Spring embedded WebApplicationContext
2025-09-21T13:20:55.265+05:30  INFO 48024 --- [AllergyService] [restartedMain] w.s.c.ServletWebServerApplicationContext : Root WebApplicationContext: initialization completed in 1539 ms
2025-09-21T13:20:55.787+05:30  INFO 48024 --- [AllergyService] [restartedMain] o.s.o.j.p.SpringPersistenceUnitInfo      : No LoadTimeWeaver setup: ignoring JPA class transformer
2025-09-21T13:20:55.815+05:30  INFO 48024 --- [AllergyService] [restartedMain] com.zaxxer.hikari.HikariDataSource       : HikariPool-1 - Starting...
2025-09-21T13:20:56.119+05:30  INFO 48024 --- [AllergyService] [restartedMain] com.zaxxer.hikari.pool.HikariPool        : HikariPool-1 - Added connection com.mysql.cj.jdbc.ConnectionImpl@54622a75
2025-09-21T13:20:56.121+05:30  INFO 48024 --- [AllergyService] [restartedMain] com.zaxxer.hikari.HikariDataSource       : HikariPool-1 - Start completed.
2025-09-21T13:20:57.413+05:30  INFO 48024 --- [AllergyService] [restartedMain] j.LocalContainerEntityManagerFactoryBean : Initialized JPA EntityManagerFactory for persistence unit 'default'
2025-09-21T13:20:57.717+05:30  WARN 48024 --- [AllergyService] [restartedMain] JpaBaseConfiguration$JpaWebConfiguration : spring.jpa.open-in-view is enabled by default. Therefore, database queries may be performed during view rendering. Explicitly configure spring.jpa.open-in-view to disable this warning
2025-09-21T13:20:57.945+05:30  INFO 48024 --- [AllergyService] [restartedMain] r$InitializeUserDetailsManagerConfigurer : Global AuthenticationManager configured with UserDetailsService bean with name userDetailsService
2025-09-21T13:20:58.216+05:30  INFO 48024 --- [AllergyService] [restartedMain] .w.s.a.s.AnnotationActionEndpointMapping : Supporting [WS-Addressing August 2004, WS-Addressing 1.0]
2025-09-21T13:20:58.245+05:30  INFO 48024 --- [AllergyService] [restartedMain] o.s.b.d.a.OptionalLiveReloadServer       : LiveReload server is running on port 35729
2025-09-21T13:20:58.282+05:30  INFO 48024 --- [AllergyService] [restartedMain] o.s.b.w.embedded.tomcat.TomcatWebServer  : Tomcat started on port 8080 (http) with context path '/'
2025-09-21T13:20:58.292+05:30  INFO 48024 --- [AllergyService] [restartedMain] c.m.pas.AllergyServiceApplication        : Started AllergyServiceApplication in 5.178 seconds (process running for 6.13)
2025-09-21T13:21:27.329+05:30  INFO 48024 --- [AllergyService] [RMI TCP Connection(10)-127.0.0.1] inMXBeanRegistrar$SpringApplicationAdmin : Application shutdown requested.
2025-09-21T13:21:27.330+05:30  INFO 48024 --- [AllergyService] [RMI TCP Connection(10)-127.0.0.1] o.s.b.w.e.tomcat.GracefulShutdown        : Commencing graceful shutdown. Waiting for active requests to complete
2025-09-21T13:21:27.347+05:30  INFO 48024 --- [AllergyService] [tomcat-shutdown] o.s.b.w.e.tomcat.GracefulShutdown        : Graceful shutdown complete
2025-09-21T13:21:27.357+05:30  INFO 48024 --- [AllergyService] [RMI TCP Connection(10)-127.0.0.1] j.LocalContainerEntityManagerFactoryBean : Closing JPA EntityManagerFactory for persistence unit 'default'
2025-09-21T13:21:27.420+05:30  INFO 48024 --- [AllergyService] [RMI TCP Connection(10)-127.0.0.1] com.zaxxer.hikari.HikariDataSource       : HikariPool-1 - Shutdown initiated...
2025-09-21T13:21:27.429+05:30  INFO 48024 --- [AllergyService] [RMI TCP Connection(10)-127.0.0.1] com.zaxxer.hikari.HikariDataSource       : HikariPool-1 - Shutdown completed.
2025-09-21T13:22:17.459+05:30  INFO 5112 --- [AllergyService] [restartedMain] c.m.pas.AllergyServiceApplication        : Starting AllergyServiceApplication using Java 21.0.7 with PID 5112 (C:\WorkSpaces\Medibridge\AllergyService\target\classes started by surje in C:\WorkSpaces\Medibridge\AllergyService)
2025-09-21T13:22:17.461+05:30  INFO 5112 --- [AllergyService] [restartedMain] c.m.pas.AllergyServiceApplication        : The following 1 profile is active: "local"
2025-09-21T13:22:17.537+05:30  INFO 5112 --- [AllergyService] [restartedMain] .e.DevToolsPropertyDefaultsPostProcessor : Devtools property defaults active! Set 'spring.devtools.add-properties' to 'false' to disable
2025-09-21T13:22:17.537+05:30  INFO 5112 --- [AllergyService] [restartedMain] .e.DevToolsPropertyDefaultsPostProcessor : For additional web related logging consider setting the 'logging.level.web' property to 'DEBUG'
2025-09-21T13:22:18.498+05:30  WARN 5112 --- [AllergyService] [restartedMain] ConfigServletWebServerApplicationContext : Exception encountered during context initialization - cancelling refresh attempt: java.lang.TypeNotPresentException: Type javax.servlet.http.HttpServletRequest not present
2025-09-21T13:22:18.509+05:30  INFO 5112 --- [AllergyService] [restartedMain] .s.b.a.l.ConditionEvaluationReportLogger : 

Error starting ApplicationContext. To display the condition evaluation report re-run your application with 'debug' enabled.
2025-09-21T13:22:18.542+05:30 ERROR 5112 --- [AllergyService] [restartedMain] o.s.boot.SpringApplication               : Application run failed

java.lang.TypeNotPresentException: Type javax.servlet.http.HttpServletRequest not present
	at java.base/sun.reflect.generics.factory.CoreReflectionFactory.makeNamedType(CoreReflectionFactory.java:117) ~[na:na]
	at java.base/sun.reflect.generics.visitor.Reifier.visitClassTypeSignature(Reifier.java:125) ~[na:na]
	at java.base/sun.reflect.generics.tree.ClassTypeSignature.accept(ClassTypeSignature.java:49) ~[na:na]
	at java.base/sun.reflect.generics.visitor.Reifier.reifyTypeArguments(Reifier.java:68) ~[na:na]
	at java.base/sun.reflect.generics.visitor.Reifier.visitClassTypeSignature(Reifier.java:138) ~[na:na]
	at java.base/sun.reflect.generics.tree.ClassTypeSignature.accept(ClassTypeSignature.java:49) ~[na:na]
	at java.base/sun.reflect.generics.repository.ClassRepository.computeSuperInterfaces(ClassRepository.java:117) ~[na:na]
	at java.base/sun.reflect.generics.repository.ClassRepository.getSuperInterfaces(ClassRepository.java:95) ~[na:na]
	at java.base/java.lang.Class.getGenericInterfaces(Class.java:1296) ~[na:na]
	at org.springframework.core.ResolvableType.getInterfaces(ResolvableType.java:553) ~[spring-core-6.2.10.jar:6.2.10]
	at org.springframework.core.ResolvableType.as(ResolvableType.java:501) ~[spring-core-6.2.10.jar:6.2.10]
	at org.springframework.core.ResolvableType.forClass(ResolvableType.java:1157) ~[spring-core-6.2.10.jar:6.2.10]
	at org.springframework.plugin.core.config.PluginRegistriesBeanDefinitionRegistrar.getTargetType(PluginRegistriesBeanDefinitionRegistrar.java:101) ~[spring-plugin-core-2.0.0.RELEASE.jar:2.0.0.RELEASE]
	at org.springframework.plugin.core.config.PluginRegistriesBeanDefinitionRegistrar.registerBeanDefinitions(PluginRegistriesBeanDefinitionRegistrar.java:71) ~[spring-plugin-core-2.0.0.RELEASE.jar:2.0.0.RELEASE]
	at org.springframework.context.annotation.ImportBeanDefinitionRegistrar.registerBeanDefinitions(ImportBeanDefinitionRegistrar.java:86) ~[spring-context-6.2.10.jar:6.2.10]
	at org.springframework.context.annotation.ConfigurationClassBeanDefinitionReader.lambda$loadBeanDefinitionsFromRegistrars$1(ConfigurationClassBeanDefinitionReader.java:401) ~[spring-context-6.2.10.jar:6.2.10]
	at java.base/java.util.LinkedHashMap.forEach(LinkedHashMap.java:986) ~[na:na]
	at org.springframework.context.annotation.ConfigurationClassBeanDefinitionReader.loadBeanDefinitionsFromRegistrars(ConfigurationClassBeanDefinitionReader.java:400) ~[spring-context-6.2.10.jar:6.2.10]
	at org.springframework.context.annotation.ConfigurationClassBeanDefinitionReader.loadBeanDefinitionsForConfigurationClass(ConfigurationClassBeanDefinitionReader.java:148) ~[spring-context-6.2.10.jar:6.2.10]
	at org.springframework.context.annotation.ConfigurationClassBeanDefinitionReader.loadBeanDefinitions(ConfigurationClassBeanDefinitionReader.java:120) ~[spring-context-6.2.10.jar:6.2.10]
	at org.springframework.context.annotation.ConfigurationClassPostProcessor.processConfigBeanDefinitions(ConfigurationClassPostProcessor.java:430) ~[spring-context-6.2.10.jar:6.2.10]
	at org.springframework.context.annotation.ConfigurationClassPostProcessor.postProcessBeanDefinitionRegistry(ConfigurationClassPostProcessor.java:290) ~[spring-context-6.2.10.jar:6.2.10]
	at org.springframework.context.support.PostProcessorRegistrationDelegate.invokeBeanDefinitionRegistryPostProcessors(PostProcessorRegistrationDelegate.java:349) ~[spring-context-6.2.10.jar:6.2.10]
	at org.springframework.context.support.PostProcessorRegistrationDelegate.invokeBeanFactoryPostProcessors(PostProcessorRegistrationDelegate.java:118) ~[spring-context-6.2.10.jar:6.2.10]
	at org.springframework.context.support.AbstractApplicationContext.invokeBeanFactoryPostProcessors(AbstractApplicationContext.java:791) ~[spring-context-6.2.10.jar:6.2.10]
	at org.springframework.context.support.AbstractApplicationContext.refresh(AbstractApplicationContext.java:609) ~[spring-context-6.2.10.jar:6.2.10]
	at org.springframework.boot.web.servlet.context.ServletWebServerApplicationContext.refresh(ServletWebServerApplicationContext.java:146) ~[spring-boot-3.5.5.jar:3.5.5]
	at org.springframework.boot.SpringApplication.refresh(SpringApplication.java:752) ~[spring-boot-3.5.5.jar:3.5.5]
	at org.springframework.boot.SpringApplication.refreshContext(SpringApplication.java:439) ~[spring-boot-3.5.5.jar:3.5.5]
	at org.springframework.boot.SpringApplication.run(SpringApplication.java:318) ~[spring-boot-3.5.5.jar:3.5.5]
	at org.springframework.boot.SpringApplication.run(SpringApplication.java:1361) ~[spring-boot-3.5.5.jar:3.5.5]
	at org.springframework.boot.SpringApplication.run(SpringApplication.java:1350) ~[spring-boot-3.5.5.jar:3.5.5]
	at com.medibridge.pas.AllergyServiceApplication.main(AllergyServiceApplication.java:15) ~[classes/:na]
	at java.base/jdk.internal.reflect.DirectMethodHandleAccessor.invoke(DirectMethodHandleAccessor.java:103) ~[na:na]
	at java.base/java.lang.reflect.Method.invoke(Method.java:580) ~[na:na]
	at org.springframework.boot.devtools.restart.RestartLauncher.run(RestartLauncher.java:50) ~[spring-boot-devtools-3.5.5.jar:3.5.5]
Caused by: java.lang.ClassNotFoundException: javax.servlet.http.HttpServletRequest
	at java.base/jdk.internal.loader.BuiltinClassLoader.loadClass(BuiltinClassLoader.java:641) ~[na:na]
	at java.base/jdk.internal.loader.ClassLoaders$AppClassLoader.loadClass(ClassLoaders.java:188) ~[na:na]
	at java.base/java.lang.ClassLoader.loadClass(ClassLoader.java:526) ~[na:na]
	at java.base/java.lang.Class.forName0(Native Method) ~[na:na]
	at java.base/java.lang.Class.forName(Class.java:534) ~[na:na]
	at java.base/java.lang.Class.forName(Class.java:513) ~[na:na]
	at java.base/sun.reflect.generics.factory.CoreReflectionFactory.makeNamedType(CoreReflectionFactory.java:114) ~[na:na]
	... 35 common frames omitted

2025-09-21T13:27:49.482+05:30  INFO 40312 --- [AllergyService] [restartedMain] c.m.pas.AllergyServiceApplication        : Starting AllergyServiceApplication using Java 21.0.7 with PID 40312 (C:\WorkSpaces\Medibridge\AllergyService\target\classes started by surje in C:\WorkSpaces\Medibridge\AllergyService)
2025-09-21T13:27:49.482+05:30  INFO 40312 --- [AllergyService] [restartedMain] c.m.pas.AllergyServiceApplication        : The following 1 profile is active: "local"
2025-09-21T13:27:49.521+05:30  INFO 40312 --- [AllergyService] [restartedMain] .e.DevToolsPropertyDefaultsPostProcessor : Devtools property defaults active! Set 'spring.devtools.add-properties' to 'false' to disable
2025-09-21T13:27:49.521+05:30  INFO 40312 --- [AllergyService] [restartedMain] .e.DevToolsPropertyDefaultsPostProcessor : For additional web related logging consider setting the 'logging.level.web' property to 'DEBUG'
2025-09-21T13:27:50.225+05:30  INFO 40312 --- [AllergyService] [restartedMain] .s.d.r.c.RepositoryConfigurationDelegate : Bootstrapping Spring Data JPA repositories in DEFAULT mode.
2025-09-21T13:27:50.267+05:30  INFO 40312 --- [AllergyService] [restartedMain] .s.d.r.c.RepositoryConfigurationDelegate : Finished Spring Data repository scanning in 37 ms. Found 1 JPA repository interface.
2025-09-21T13:27:50.722+05:30  INFO 40312 --- [AllergyService] [restartedMain] o.s.b.w.embedded.tomcat.TomcatWebServer  : Tomcat initialized with port 8080 (http)
2025-09-21T13:27:50.722+05:30  INFO 40312 --- [AllergyService] [restartedMain] o.apache.catalina.core.StandardService   : Starting service [Tomcat]
2025-09-21T13:27:50.722+05:30  INFO 40312 --- [AllergyService] [restartedMain] o.apache.catalina.core.StandardEngine    : Starting Servlet engine: [Apache Tomcat/10.1.44]
2025-09-21T13:27:50.789+05:30  INFO 40312 --- [AllergyService] [restartedMain] o.a.c.c.C.[Tomcat].[localhost].[/]       : Initializing Spring embedded WebApplicationContext
2025-09-21T13:27:50.789+05:30  INFO 40312 --- [AllergyService] [restartedMain] w.s.c.ServletWebServerApplicationContext : Root WebApplicationContext: initialization completed in 1268 ms
2025-09-21T13:27:51.209+05:30  INFO 40312 --- [AllergyService] [restartedMain] o.s.o.j.p.SpringPersistenceUnitInfo      : No LoadTimeWeaver setup: ignoring JPA class transformer
2025-09-21T13:27:51.234+05:30  INFO 40312 --- [AllergyService] [restartedMain] com.zaxxer.hikari.HikariDataSource       : HikariPool-1 - Starting...
2025-09-21T13:27:51.498+05:30  INFO 40312 --- [AllergyService] [restartedMain] com.zaxxer.hikari.pool.HikariPool        : HikariPool-1 - Added connection com.mysql.cj.jdbc.ConnectionImpl@72935cd9
2025-09-21T13:27:51.500+05:30  INFO 40312 --- [AllergyService] [restartedMain] com.zaxxer.hikari.HikariDataSource       : HikariPool-1 - Start completed.
2025-09-21T13:27:52.590+05:30  INFO 40312 --- [AllergyService] [restartedMain] j.LocalContainerEntityManagerFactoryBean : Initialized JPA EntityManagerFactory for persistence unit 'default'
2025-09-21T13:27:52.897+05:30  WARN 40312 --- [AllergyService] [restartedMain] JpaBaseConfiguration$JpaWebConfiguration : spring.jpa.open-in-view is enabled by default. Therefore, database queries may be performed during view rendering. Explicitly configure spring.jpa.open-in-view to disable this warning
2025-09-21T13:27:53.068+05:30  INFO 40312 --- [AllergyService] [restartedMain] r$InitializeUserDetailsManagerConfigurer : Global AuthenticationManager configured with UserDetailsService bean with name userDetailsService
2025-09-21T13:27:53.444+05:30  INFO 40312 --- [AllergyService] [restartedMain] .w.s.a.s.AnnotationActionEndpointMapping : Supporting [WS-Addressing August 2004, WS-Addressing 1.0]
2025-09-21T13:27:53.472+05:30  INFO 40312 --- [AllergyService] [restartedMain] o.s.b.d.a.OptionalLiveReloadServer       : LiveReload server is running on port 35729
2025-09-21T13:27:53.511+05:30  INFO 40312 --- [AllergyService] [restartedMain] o.s.b.w.embedded.tomcat.TomcatWebServer  : Tomcat started on port 8080 (http) with context path '/'
2025-09-21T13:27:53.518+05:30  INFO 40312 --- [AllergyService] [restartedMain] c.m.pas.AllergyServiceApplication        : Started AllergyServiceApplication in 4.405 seconds (process running for 4.977)
2025-09-21T13:27:53.848+05:30  INFO 40312 --- [AllergyService] [http-nio-8080-exec-1] o.a.c.c.C.[Tomcat].[localhost].[/]       : Initializing Spring DispatcherServlet 'dispatcherServlet'
2025-09-21T13:27:53.848+05:30  INFO 40312 --- [AllergyService] [http-nio-8080-exec-1] o.s.web.servlet.DispatcherServlet        : Initializing Servlet 'dispatcherServlet'
2025-09-21T13:27:53.850+05:30  INFO 40312 --- [AllergyService] [http-nio-8080-exec-1] o.s.web.servlet.DispatcherServlet        : Completed initialization in 2 ms
2025-09-21T13:27:54.022+05:30  WARN 40312 --- [AllergyService] [http-nio-8080-exec-1] o.s.web.servlet.PageNotFound             : No mapping for GET /v2/api-docs
2025-09-21T13:27:54.030+05:30  WARN 40312 --- [AllergyService] [http-nio-8080-exec-1] o.s.web.servlet.PageNotFound             : No endpoint GET /v2/api-docs.
2025-09-21T13:28:08.778+05:30  WARN 40312 --- [AllergyService] [http-nio-8080-exec-2] o.s.web.servlet.PageNotFound             : No mapping for GET /v2/api-docs
2025-09-21T13:28:08.778+05:30  WARN 40312 --- [AllergyService] [http-nio-8080-exec-2] o.s.web.servlet.PageNotFound             : No endpoint GET /v2/api-docs.
2025-09-21T13:37:36.054+05:30  INFO 40312 --- [AllergyService] [File Watcher] rtingClassPathChangeChangedEventListener : Restarting due to 1 class path change (0 additions, 0 deletions, 1 modification)
2025-09-21T13:37:36.057+05:30  INFO 40312 --- [AllergyService] [Thread-5] o.s.b.w.e.tomcat.GracefulShutdown        : Commencing graceful shutdown. Waiting for active requests to complete
2025-09-21T13:37:36.066+05:30  INFO 40312 --- [AllergyService] [tomcat-shutdown] o.s.b.w.e.tomcat.GracefulShutdown        : Graceful shutdown complete
2025-09-21T13:37:36.071+05:30  INFO 40312 --- [AllergyService] [Thread-5] j.LocalContainerEntityManagerFactoryBean : Closing JPA EntityManagerFactory for persistence unit 'default'
2025-09-21T13:37:36.090+05:30  INFO 40312 --- [AllergyService] [Thread-5] com.zaxxer.hikari.HikariDataSource       : HikariPool-1 - Shutdown initiated...
2025-09-21T13:37:36.095+05:30  INFO 40312 --- [AllergyService] [Thread-5] com.zaxxer.hikari.HikariDataSource       : HikariPool-1 - Shutdown completed.
2025-09-21T13:37:36.191+05:30  INFO 40312 --- [AllergyService] [restartedMain] c.m.pas.AllergyServiceApplication        : Starting AllergyServiceApplication using Java 21.0.7 with PID 40312 (C:\WorkSpaces\Medibridge\AllergyService\target\classes started by surje in C:\WorkSpaces\Medibridge\AllergyService)
2025-09-21T13:37:36.192+05:30  INFO 40312 --- [AllergyService] [restartedMain] c.m.pas.AllergyServiceApplication        : The following 1 profile is active: "local"
2025-09-21T13:37:36.394+05:30  INFO 40312 --- [AllergyService] [restartedMain] .s.d.r.c.RepositoryConfigurationDelegate : Bootstrapping Spring Data JPA repositories in DEFAULT mode.
2025-09-21T13:37:36.403+05:30  INFO 40312 --- [AllergyService] [restartedMain] .s.d.r.c.RepositoryConfigurationDelegate : Finished Spring Data repository scanning in 8 ms. Found 1 JPA repository interface.
2025-09-21T13:37:36.478+05:30  INFO 40312 --- [AllergyService] [restartedMain] o.s.b.w.embedded.tomcat.TomcatWebServer  : Tomcat initialized with port 8080 (http)
2025-09-21T13:37:36.479+05:30  INFO 40312 --- [AllergyService] [restartedMain] o.apache.catalina.core.StandardService   : Starting service [Tomcat]
2025-09-21T13:37:36.479+05:30  INFO 40312 --- [AllergyService] [restartedMain] o.apache.catalina.core.StandardEngine    : Starting Servlet engine: [Apache Tomcat/10.1.44]
2025-09-21T13:37:36.504+05:30  INFO 40312 --- [AllergyService] [restartedMain] o.a.c.c.C.[Tomcat].[localhost].[/]       : Initializing Spring embedded WebApplicationContext
2025-09-21T13:37:36.504+05:30  INFO 40312 --- [AllergyService] [restartedMain] w.s.c.ServletWebServerApplicationContext : Root WebApplicationContext: initialization completed in 310 ms
2025-09-21T13:37:36.541+05:30  INFO 40312 --- [AllergyService] [restartedMain] o.s.o.j.p.SpringPersistenceUnitInfo      : No LoadTimeWeaver setup: ignoring JPA class transformer
2025-09-21T13:37:36.542+05:30  INFO 40312 --- [AllergyService] [restartedMain] com.zaxxer.hikari.HikariDataSource       : HikariPool-2 - Starting...
2025-09-21T13:37:36.553+05:30  INFO 40312 --- [AllergyService] [restartedMain] com.zaxxer.hikari.pool.HikariPool        : HikariPool-2 - Added connection com.mysql.cj.jdbc.ConnectionImpl@29ff1f91
2025-09-21T13:37:36.554+05:30  INFO 40312 --- [AllergyService] [restartedMain] com.zaxxer.hikari.HikariDataSource       : HikariPool-2 - Start completed.
2025-09-21T13:37:36.606+05:30  INFO 40312 --- [AllergyService] [restartedMain] j.LocalContainerEntityManagerFactoryBean : Initialized JPA EntityManagerFactory for persistence unit 'default'
2025-09-21T13:37:36.660+05:30  WARN 40312 --- [AllergyService] [restartedMain] JpaBaseConfiguration$JpaWebConfiguration : spring.jpa.open-in-view is enabled by default. Therefore, database queries may be performed during view rendering. Explicitly configure spring.jpa.open-in-view to disable this warning
2025-09-21T13:37:36.778+05:30  INFO 40312 --- [AllergyService] [restartedMain] r$InitializeUserDetailsManagerConfigurer : Global AuthenticationManager configured with UserDetailsService bean with name userDetailsService
2025-09-21T13:37:36.840+05:30  INFO 40312 --- [AllergyService] [restartedMain] .w.s.a.s.AnnotationActionEndpointMapping : Supporting [WS-Addressing August 2004, WS-Addressing 1.0]
2025-09-21T13:37:36.845+05:30  INFO 40312 --- [AllergyService] [restartedMain] o.s.b.d.a.OptionalLiveReloadServer       : LiveReload server is running on port 35729
2025-09-21T13:37:36.856+05:30  INFO 40312 --- [AllergyService] [restartedMain] o.s.b.w.embedded.tomcat.TomcatWebServer  : Tomcat started on port 8080 (http) with context path '/'
2025-09-21T13:37:36.858+05:30  INFO 40312 --- [AllergyService] [restartedMain] c.m.pas.AllergyServiceApplication        : Started AllergyServiceApplication in 0.695 seconds (process running for 588.317)
2025-09-21T13:37:36.863+05:30  INFO 40312 --- [AllergyService] [restartedMain] .ConditionEvaluationDeltaLoggingListener : Condition evaluation delta:


==========================
CONDITION EVALUATION DELTA
==========================


Positive matches:
-----------------

   WebMvcAutoConfiguration matched:
      - @ConditionalOnClass found required classes 'jakarta.servlet.Servlet', 'org.springframework.web.servlet.DispatcherServlet', 'org.springframework.web.servlet.config.annotation.WebMvcConfigurer' (OnClassCondition)
      - found 'session' scope (OnWebApplicationCondition)
      - @ConditionalOnMissingBean (types: org.springframework.web.servlet.config.annotation.WebMvcConfigurationSupport; SearchStrategy: all) did not find any beans (OnBeanCondition)

   WebMvcAutoConfiguration#formContentFilter matched:
      - @ConditionalOnBooleanProperty (spring.mvc.formcontent.filter.enabled=true) matched (OnPropertyCondition)
      - @ConditionalOnMissingBean (types: org.springframework.web.filter.FormContentFilter; SearchStrategy: all) did not find any beans (OnBeanCondition)

   WebMvcAutoConfiguration.EnableWebMvcConfiguration#flashMapManager matched:
      - @ConditionalOnMissingBean (names: flashMapManager; SearchStrategy: all) did not find any beans (OnBeanCondition)

   WebMvcAutoConfiguration.EnableWebMvcConfiguration#localeResolver matched:
      - @ConditionalOnMissingBean (names: localeResolver; SearchStrategy: all) did not find any beans (OnBeanCondition)

   WebMvcAutoConfiguration.EnableWebMvcConfiguration#themeResolver matched:
      - @ConditionalOnMissingBean (names: themeResolver; SearchStrategy: all) did not find any beans (OnBeanCondition)

   WebMvcAutoConfiguration.EnableWebMvcConfiguration#viewNameTranslator matched:
      - @ConditionalOnMissingBean (names: viewNameTranslator; SearchStrategy: all) did not find any beans (OnBeanCondition)

   WebMvcAutoConfiguration.ResourceChainCustomizerConfiguration matched:
      - @ConditionalOnEnabledResourceChain found class org.webjars.WebJarVersionLocator (OnEnabledResourceChainCondition)

   WebMvcAutoConfiguration.WebMvcAutoConfigurationAdapter#defaultViewResolver matched:
      - @ConditionalOnMissingBean (types: org.springframework.web.servlet.view.InternalResourceViewResolver; SearchStrategy: all) did not find any beans (OnBeanCondition)

   WebMvcAutoConfiguration.WebMvcAutoConfigurationAdapter#requestContextFilter matched:
      - @ConditionalOnMissingBean (types: org.springframework.web.context.request.RequestContextListener,org.springframework.web.filter.RequestContextFilter; SearchStrategy: all) did not find any beans (OnBeanCondition)

   WebMvcAutoConfiguration.WebMvcAutoConfigurationAdapter#viewResolver matched:
      - @ConditionalOnBean (types: org.springframework.web.servlet.ViewResolver; SearchStrategy: all) found beans 'defaultViewResolver', 'beanNameViewResolver', 'mvcViewResolver'; @ConditionalOnMissingBean (names: viewResolver types: org.springframework.web.servlet.view.ContentNegotiatingViewResolver; SearchStrategy: all) did not find any beans (OnBeanCondition)


Negative matches:
-----------------

   WebMvcAutoConfiguration#hiddenHttpMethodFilter:
      Did not match:
         - @ConditionalOnBooleanProperty (spring.mvc.hiddenmethod.filter.enabled=true) did not find property 'spring.mvc.hiddenmethod.filter.enabled' (OnPropertyCondition)

   WebMvcAutoConfiguration.WebMvcAutoConfigurationAdapter#beanNameViewResolver:
      Did not match:
         - @ConditionalOnMissingBean (types: org.springframework.web.servlet.view.BeanNameViewResolver; SearchStrategy: all) found beans of type 'org.springframework.web.servlet.view.BeanNameViewResolver' beanNameViewResolver (OnBeanCondition)


Exclusions:
-----------

    None


Unconditional classes:
----------------------

    None



2025-09-21T13:38:39.784+05:30  INFO 40312 --- [AllergyService] [http-nio-8080-exec-2] o.a.c.c.C.[Tomcat].[localhost].[/]       : Initializing Spring DispatcherServlet 'dispatcherServlet'
2025-09-21T13:38:39.784+05:30  INFO 40312 --- [AllergyService] [http-nio-8080-exec-2] o.s.web.servlet.DispatcherServlet        : Initializing Servlet 'dispatcherServlet'
2025-09-21T13:38:39.784+05:30  INFO 40312 --- [AllergyService] [http-nio-8080-exec-2] o.s.web.servlet.DispatcherServlet        : Completed initialization in 0 ms
2025-09-21T13:38:47.139+05:30  INFO 40312 --- [AllergyService] [http-nio-8080-exec-1] o.springdoc.api.AbstractOpenApiResource  : Init duration for springdoc-openapi is: 294 ms
2025-09-21T14:11:00.863+05:30  INFO 40312 --- [AllergyService] [File Watcher] rtingClassPathChangeChangedEventListener : Restarting due to 1 class path change (0 additions, 0 deletions, 1 modification)
2025-09-21T14:11:00.866+05:30  INFO 40312 --- [AllergyService] [Thread-7] o.s.b.w.e.tomcat.GracefulShutdown        : Commencing graceful shutdown. Waiting for active requests to complete
2025-09-21T14:11:00.873+05:30  INFO 40312 --- [AllergyService] [tomcat-shutdown] o.s.b.w.e.tomcat.GracefulShutdown        : Graceful shutdown complete
2025-09-21T14:11:00.876+05:30  INFO 40312 --- [AllergyService] [Thread-7] j.LocalContainerEntityManagerFactoryBean : Closing JPA EntityManagerFactory for persistence unit 'default'
2025-09-21T14:11:00.892+05:30  INFO 40312 --- [AllergyService] [Thread-7] com.zaxxer.hikari.HikariDataSource       : HikariPool-2 - Shutdown initiated...
2025-09-21T14:11:00.895+05:30  INFO 40312 --- [AllergyService] [Thread-7] com.zaxxer.hikari.HikariDataSource       : HikariPool-2 - Shutdown completed.
2025-09-21T14:11:01.003+05:30  INFO 40312 --- [AllergyService] [restartedMain] c.m.pas.AllergyServiceApplication        : Starting AllergyServiceApplication using Java 21.0.7 with PID 40312 (C:\WorkSpaces\Medibridge\AllergyService\target\classes started by surje in C:\WorkSpaces\Medibridge\AllergyService)
2025-09-21T14:11:01.003+05:30  INFO 40312 --- [AllergyService] [restartedMain] c.m.pas.AllergyServiceApplication        : The following 1 profile is active: "local"
2025-09-21T14:11:01.209+05:30  INFO 40312 --- [AllergyService] [restartedMain] .s.d.r.c.RepositoryConfigurationDelegate : Bootstrapping Spring Data JPA repositories in DEFAULT mode.
2025-09-21T14:11:01.216+05:30  INFO 40312 --- [AllergyService] [restartedMain] .s.d.r.c.RepositoryConfigurationDelegate : Finished Spring Data repository scanning in 7 ms. Found 1 JPA repository interface.
2025-09-21T14:11:01.300+05:30  INFO 40312 --- [AllergyService] [restartedMain] o.s.b.w.embedded.tomcat.TomcatWebServer  : Tomcat initialized with port 8080 (http)
2025-09-21T14:11:01.303+05:30  INFO 40312 --- [AllergyService] [restartedMain] o.apache.catalina.core.StandardService   : Starting service [Tomcat]
2025-09-21T14:11:01.303+05:30  INFO 40312 --- [AllergyService] [restartedMain] o.apache.catalina.core.StandardEngine    : Starting Servlet engine: [Apache Tomcat/10.1.44]
2025-09-21T14:11:01.325+05:30  INFO 40312 --- [AllergyService] [restartedMain] o.a.c.c.C.[Tomcat].[localhost].[/]       : Initializing Spring embedded WebApplicationContext
2025-09-21T14:11:01.325+05:30  INFO 40312 --- [AllergyService] [restartedMain] w.s.c.ServletWebServerApplicationContext : Root WebApplicationContext: initialization completed in 319 ms
2025-09-21T14:11:01.363+05:30  INFO 40312 --- [AllergyService] [restartedMain] o.s.o.j.p.SpringPersistenceUnitInfo      : No LoadTimeWeaver setup: ignoring JPA class transformer
2025-09-21T14:11:01.364+05:30  INFO 40312 --- [AllergyService] [restartedMain] com.zaxxer.hikari.HikariDataSource       : HikariPool-3 - Starting...
2025-09-21T14:11:01.374+05:30  INFO 40312 --- [AllergyService] [restartedMain] com.zaxxer.hikari.pool.HikariPool        : HikariPool-3 - Added connection com.mysql.cj.jdbc.ConnectionImpl@301da9a5
2025-09-21T14:11:01.375+05:30  INFO 40312 --- [AllergyService] [restartedMain] com.zaxxer.hikari.HikariDataSource       : HikariPool-3 - Start completed.
2025-09-21T14:11:01.433+05:30  INFO 40312 --- [AllergyService] [restartedMain] j.LocalContainerEntityManagerFactoryBean : Initialized JPA EntityManagerFactory for persistence unit 'default'
2025-09-21T14:11:01.489+05:30  WARN 40312 --- [AllergyService] [restartedMain] JpaBaseConfiguration$JpaWebConfiguration : spring.jpa.open-in-view is enabled by default. Therefore, database queries may be performed during view rendering. Explicitly configure spring.jpa.open-in-view to disable this warning
2025-09-21T14:11:01.537+05:30  WARN 40312 --- [AllergyService] [restartedMain] .s.s.UserDetailsServiceAutoConfiguration : 

Using generated security password: 37738f2e-a3b4-446a-9750-712a371af6a9

This generated password is for development use only. Your security configuration must be updated before running your application in production.

2025-09-21T14:11:01.538+05:30  INFO 40312 --- [AllergyService] [restartedMain] r$InitializeUserDetailsManagerConfigurer : Global AuthenticationManager configured with UserDetailsService bean with name inMemoryUserDetailsManager
2025-09-21T14:11:01.619+05:30  INFO 40312 --- [AllergyService] [restartedMain] .w.s.a.s.AnnotationActionEndpointMapping : Supporting [WS-Addressing August 2004, WS-Addressing 1.0]
2025-09-21T14:11:01.626+05:30  INFO 40312 --- [AllergyService] [restartedMain] o.s.b.d.a.OptionalLiveReloadServer       : LiveReload server is running on port 35729
2025-09-21T14:11:01.637+05:30  INFO 40312 --- [AllergyService] [restartedMain] o.s.b.w.embedded.tomcat.TomcatWebServer  : Tomcat started on port 8080 (http) with context path '/'
2025-09-21T14:11:01.639+05:30  INFO 40312 --- [AllergyService] [restartedMain] c.m.pas.AllergyServiceApplication        : Started AllergyServiceApplication in 0.667 seconds (process running for 2593.099)
2025-09-21T14:11:01.641+05:30  INFO 40312 --- [AllergyService] [restartedMain] .ConditionEvaluationDeltaLoggingListener : Condition evaluation delta:


==========================
CONDITION EVALUATION DELTA
==========================


Positive matches:
-----------------

   UserDetailsServiceAutoConfiguration matched:
      - @ConditionalOnClass found required class 'org.springframework.security.authentication.AuthenticationManager' (OnClassCondition)
      - found 'session' scope (OnWebApplicationCondition)
      - AnyNestedCondition 1 matched 2 did not; NestedCondition on UserDetailsServiceAutoConfiguration.MissingAlternativeOrUserPropertiesConfigured.PasswordConfigured @ConditionalOnProperty (spring.security.user.password) did not find property 'spring.security.user.password'; NestedCondition on UserDetailsServiceAutoConfiguration.MissingAlternativeOrUserPropertiesConfigured.NameConfigured @ConditionalOnProperty (spring.security.user.name) did not find property 'spring.security.user.name'; NestedCondition on UserDetailsServiceAutoConfiguration.MissingAlternativeOrUserPropertiesConfigured.MissingAlternative @ConditionalOnMissingClass did not find unwanted classes 'org.springframework.security.oauth2.client.registration.ClientRegistrationRepository', 'org.springframework.security.oauth2.server.resource.introspection.OpaqueTokenIntrospector', 'org.springframework.security.saml2.provider.service.registration.RelyingPartyRegistrationRepository' (UserDetailsServiceAutoConfiguration.MissingAlternativeOrUserPropertiesConfigured)
      - @ConditionalOnBean (types: org.springframework.security.config.ObjectPostProcessor; SearchStrategy: all) found beans 'objectPostProcessor', 'webAuthorizationManagerPostProcessor', 'filterChainDecoratorPostProcessor', 'authenticationManagerPostProcessor'; @ConditionalOnMissingBean (types: org.springframework.security.authentication.AuthenticationManager,org.springframework.security.authentication.AuthenticationProvider,org.springframework.security.core.userdetails.UserDetailsService,org.springframework.security.authentication.AuthenticationManagerResolver,?; SearchStrategy: all) did not find any beans (OnBeanCondition)


Negative matches:
-----------------

    None


Exclusions:
-----------

    None


Unconditional classes:
----------------------

    None



2025-09-21T14:11:34.441+05:30  INFO 40312 --- [AllergyService] [http-nio-8080-exec-1] o.a.c.c.C.[Tomcat].[localhost].[/]       : Initializing Spring DispatcherServlet 'dispatcherServlet'
2025-09-21T14:11:34.441+05:30  INFO 40312 --- [AllergyService] [http-nio-8080-exec-1] o.s.web.servlet.DispatcherServlet        : Initializing Servlet 'dispatcherServlet'
2025-09-21T14:11:34.443+05:30  INFO 40312 --- [AllergyService] [http-nio-8080-exec-1] o.s.web.servlet.DispatcherServlet        : Completed initialization in 2 ms
2025-09-21T15:18:00.880+05:30  WARN 40312 --- [AllergyService] [HikariPool-3:housekeeper] com.zaxxer.hikari.pool.HikariPool        : HikariPool-3 - Thread starvation or clock leap detected (housekeeper delta=36m58s905ms881µs800ns).
2025-09-21T15:22:46.742+05:30  WARN 40312 --- [AllergyService] [HikariPool-3:housekeeper] com.zaxxer.hikari.pool.HikariPool        : HikariPool-3 - Thread starvation or clock leap detected (housekeeper delta=45s801ms990µs400ns).
2025-09-21T18:56:27.497+05:30  WARN 40312 --- [AllergyService] [HikariPool-3:housekeeper] com.zaxxer.hikari.pool.HikariPool        : HikariPool-3 - Thread starvation or clock leap detected (housekeeper delta=2h42m40s29ms966µs500ns).
2025-09-21T19:46:41.189+05:30  WARN 40312 --- [AllergyService] [HikariPool-3:housekeeper] com.zaxxer.hikari.pool.HikariPool        : HikariPool-3 - Thread starvation or clock leap detected (housekeeper delta=37m14s749ms629µs400ns).
2025-09-21T19:50:37.276+05:30  INFO 40312 --- [AllergyService] [http-nio-8080-exec-3] o.springdoc.api.AbstractOpenApiResource  : Init duration for springdoc-openapi is: 132 ms
2025-09-21T20:31:16.526+05:30  WARN 40312 --- [AllergyService] [HikariPool-3:housekeeper] com.zaxxer.hikari.pool.HikariPool        : HikariPool-3 - Thread starvation or clock leap detected (housekeeper delta=10m34s836ms937µs300ns).
2025-09-21T21:35:47.631+05:30  WARN 40312 --- [AllergyService] [HikariPool-3:housekeeper] com.zaxxer.hikari.pool.HikariPool        : HikariPool-3 - Thread starvation or clock leap detected (housekeeper delta=3m48s856ms901µs400ns).
2025-09-21T22:30:22.841+05:30  WARN 40312 --- [AllergyService] [HikariPool-3:housekeeper] com.zaxxer.hikari.pool.HikariPool        : HikariPool-3 - Thread starvation or clock leap detected (housekeeper delta=9m4s531ms965µs300ns).
2025-09-21T23:00:24.382+05:30  WARN 40312 --- [AllergyService] [HikariPool-3:housekeeper] com.zaxxer.hikari.pool.HikariPool        : HikariPool-3 - Thread starvation or clock leap detected (housekeeper delta=15m1s314ms157µs200ns).
2025-09-21T23:02:28.304+05:30  WARN 40312 --- [AllergyService] [HikariPool-3:housekeeper] com.zaxxer.hikari.pool.HikariPool        : HikariPool-3 - Thread starvation or clock leap detected (housekeeper delta=2m3s921ms855µs700ns).
2025-09-21T23:12:17.087+05:30  INFO 40312 --- [AllergyService] [RMI TCP Connection(371)-127.0.0.1] inMXBeanRegistrar$SpringApplicationAdmin : Application shutdown requested.
2025-09-21T23:12:17.093+05:30  INFO 40312 --- [AllergyService] [RMI TCP Connection(371)-127.0.0.1] o.s.b.w.e.tomcat.GracefulShutdown        : Commencing graceful shutdown. Waiting for active requests to complete
2025-09-21T23:12:17.103+05:30  INFO 40312 --- [AllergyService] [tomcat-shutdown] o.s.b.w.e.tomcat.GracefulShutdown        : Graceful shutdown complete
2025-09-21T23:12:17.111+05:30  INFO 40312 --- [AllergyService] [RMI TCP Connection(371)-127.0.0.1] j.LocalContainerEntityManagerFactoryBean : Closing JPA EntityManagerFactory for persistence unit 'default'
2025-09-21T23:12:17.185+05:30  INFO 40312 --- [AllergyService] [RMI TCP Connection(371)-127.0.0.1] com.zaxxer.hikari.HikariDataSource       : HikariPool-3 - Shutdown initiated...
2025-09-21T23:12:17.187+05:30  INFO 40312 --- [AllergyService] [RMI TCP Connection(371)-127.0.0.1] com.zaxxer.hikari.HikariDataSource       : HikariPool-3 - Shutdown completed.
